start_grid,start_basegrid_idx,0,1
0,0,POINT (-93.3275719440274 44.91064084893208),0.16129032258064516
0,1,POINT (-93.3275719440274 44.91288914984139),0.0
0,2,POINT (-93.3243986168636 44.91064084893208),0.0
0,3,POINT (-93.3243986168636 44.91288914984139),0.0
1,0,POINT (-93.3275719440274 44.92862725620657),0.03225806451612903
1,1,POINT (-93.3275719440274 44.93087555711588),0.0
1,2,POINT (-93.3243986168636 44.92862725620657),0.0
1,3,POINT (-93.3243986168636 44.93087555711588),0.0
2,0,POINT (-93.3275719440274 44.93762045984381),0.0
2,1,POINT (-93.3275719440274 44.93986876075313),0.1935483870967742
2,2,POINT (-93.3243986168636 44.93762045984381),0.0
2,3,POINT (-93.3243986168636 44.93986876075313),0.0
3,0,POINT (-93.3275719440274 44.94211706166244),0.1935483870967742
3,1,POINT (-93.3275719440274 44.94436536257175),0.0
3,2,POINT (-93.3243986168636 44.94211706166244),0.0
3,3,POINT (-93.3243986168636 44.94436536257175),0.25806451612903225
4,0,POINT (-93.3275719440274 44.94661366348106),0.0
4,1,POINT (-93.3275719440274 44.94886196439037),0.9354838709677419
4,2,POINT (-93.3243986168636 44.94661366348106),0.06451612903225806
4,3,POINT (-93.3243986168636 44.94886196439037),0.0
5,0,POINT (-93.32122528969981 44.9331238580252),0.0
5,1,POINT (-93.32122528969981 44.9353721589345),0.1935483870967742
5,2,POINT (-93.31805196253602 44.9331238580252),0.0
5,3,POINT (-93.31805196253602 44.9353721589345),0.03225806451612903
6,0,POINT (-93.32122528969981 44.93762045984381),0.16129032258064516
6,1,POINT (-93.32122528969981 44.93986876075313),0.0
6,2,POINT (-93.31805196253602 44.93762045984381),0.0
6,3,POINT (-93.31805196253602 44.93986876075313),0.0
7,0,POINT (-93.32122528969981 44.94211706166244),0.0
7,1,POINT (-93.32122528969981 44.94436536257175),0.12903225806451613
7,2,POINT (-93.31805196253602 44.94211706166244),0.0
7,3,POINT (-93.31805196253602 44.94436536257175),0.0
8,0,POINT (-93.32122528969981 44.94661366348106),1.6774193548387097
8,1,POINT (-93.32122528969981 44.94886196439037),1.225806451612903
8,2,POINT (-93.31805196253602 44.94661366348106),0.0
8,3,POINT (-93.31805196253602 44.94886196439037),1.064516129032258
9,0,POINT (-93.32122528969981 44.95111026529968),0.0
9,1,POINT (-93.32122528969981 44.95335856620899),0.0
9,2,POINT (-93.31805196253602 44.95111026529968),0.45161290322580644
9,3,POINT (-93.31805196253602 44.95335856620899),0.0
10,0,POINT (-93.32122528969981 44.97808987621143),0.0
10,1,POINT (-93.32122528969981 44.98033817712074),0.0
10,2,POINT (-93.31805196253602 44.97808987621143),0.0
10,3,POINT (-93.31805196253602 44.98033817712074),0.0967741935483871
11,0,POINT (-93.32122528969981 44.9915796816673),0.0
11,1,POINT (-93.32122528969981 44.9938279825766),0.0
11,2,POINT (-93.31805196253602 44.9915796816673),0.0
11,3,POINT (-93.31805196253602 44.9938279825766),0.03225806451612903
12,0,POINT (-93.32122528969981 45.00956608894178),0.0
12,1,POINT (-93.32122528969981 45.0118143898511),0.0
12,2,POINT (-93.31805196253602 45.00956608894178),0.0
12,3,POINT (-93.31805196253602 45.0118143898511),0.06451612903225806
13,0,POINT (-93.32122528969981 45.01855929257903),0.0
13,1,POINT (-93.32122528969981 45.02080759348834),0.0
13,2,POINT (-93.31805196253602 45.01855929257903),0.2903225806451613
13,3,POINT (-93.31805196253602 45.02080759348834),0.0
14,0,POINT (-93.32122528969981 45.02305589439765),0.0
14,1,POINT (-93.32122528969981 45.02530419530696),0.0
14,2,POINT (-93.31805196253602 45.02305589439765),0.0
14,3,POINT (-93.31805196253602 45.02530419530696),0.06451612903225806
15,0,POINT (-93.31487863537224 44.92413065438795),0.25806451612903225
15,1,POINT (-93.31487863537224 44.92637895529726),0.0
15,2,POINT (-93.31170530820842 44.92413065438795),0.0
15,3,POINT (-93.31170530820842 44.92637895529726),0.0
16,0,POINT (-93.31487863537224 44.92862725620657),0.0967741935483871
16,1,POINT (-93.31487863537224 44.93087555711588),0.0
16,2,POINT (-93.31170530820842 44.92862725620657),0.0
16,3,POINT (-93.31170530820842 44.93087555711588),0.0
17,0,POINT (-93.31487863537224 44.9331238580252),0.0
17,1,POINT (-93.31567196716321 44.93593423416183),5.903225806451613
17,2,POINT (-93.31170530820842 44.9331238580252),0.0
17,3,POINT (-93.31170530820842 44.9353721589345),0.0
18,0,POINT (-93.31487863537224 44.94661366348106),0.0
18,1,POINT (-93.31487863537224 44.94886196439037),0.22580645161290322
18,2,POINT (-93.31170530820842 44.94661366348106),0.0
18,3,POINT (-93.31170530820842 44.94886196439037),0.0
19,0,POINT (-93.31487863537224 44.95111026529968),1.5161290322580645
19,1,POINT (-93.31487863537224 44.95335856620899),0.0
19,2,POINT (-93.31170530820842 44.95111026529968),0.0
19,3,POINT (-93.31170530820842 44.95335856620899),0.0
20,0,POINT (-93.31487863537224 44.96010346893694),0.0
20,1,POINT (-93.31487863537224 44.96235176984624),1.096774193548387
20,2,POINT (-93.31170530820842 44.96010346893694),0.0
20,3,POINT (-93.31170530820842 44.96235176984624),0.0
21,0,POINT (-93.31487863537224 44.9915796816673),0.06451612903225806
21,1,POINT (-93.31487863537224 44.9938279825766),0.0
21,2,POINT (-93.31170530820842 44.9915796816673),0.06451612903225806
21,3,POINT (-93.31170530820842 44.9938279825766),0.22580645161290322
22,0,POINT (-93.31487863537224 44.99607628348592),0.0967741935483871
22,1,POINT (-93.31487863537224 44.99832458439523),0.935483870967742
22,2,POINT (-93.31170530820842 44.99607628348592),0.06451612903225806
22,3,POINT (-93.31170530820842 44.99832458439523),1.032258064516129
23,0,POINT (-93.31487863537224 45.00057288530454),0.2903225806451613
23,1,POINT (-93.31487863537224 45.00282118621385),0.0
23,2,POINT (-93.31170530820842 45.00057288530454),0.0
23,3,POINT (-93.31170530820842 45.00282118621385),0.0967741935483871
24,0,POINT (-93.31487863537224 45.00506948712316),0.03225806451612903
24,1,POINT (-93.31487863537224 45.00731778803247),0.12903225806451613
24,2,POINT (-93.31170530820842 45.00506948712316),0.12903225806451613
24,3,POINT (-93.31170530820842 45.00731778803247),0.0
25,0,POINT (-93.31487863537224 45.00956608894178),0.3548387096774194
25,1,POINT (-93.31487863537224 45.0118143898511),0.0
25,2,POINT (-93.31170530820842 45.00956608894178),0.0
25,3,POINT (-93.31170530820842 45.0118143898511),0.1935483870967742
26,0,POINT (-93.31487863537224 45.01406269076041),0.0
26,1,POINT (-93.31487863537224 45.01631099166972),0.0
26,2,POINT (-93.31170530820842 45.01406269076041),0.0967741935483871
26,3,POINT (-93.31170530820842 45.01631099166972),0.0
27,0,POINT (-93.30853198104464 44.91064084893208),0.0
27,1,POINT (-93.30853198104464 44.91288914984139),0.03225806451612903
27,2,POINT (-93.30535865388083 44.91064084893208),0.0
27,3,POINT (-93.30535865388083 44.91288914984139),0.0
28,0,POINT (-93.30853198104464 44.92413065438795),0.0
28,1,POINT (-93.30853198104464 44.92637895529726),0.6129032258064516
28,2,POINT (-93.30535865388083 44.92413065438795),0.0
28,3,POINT (-93.30535865388083 44.92637895529726),0.0
29,0,POINT (-93.30853198104464 44.94211706166244),0.0
29,1,POINT (-93.30853198104464 44.94436536257175),0.0
29,2,POINT (-93.30535865388083 44.94211706166244),0.0
29,3,POINT (-93.30535865388083 44.94436536257175),0.12903225806451613
30,0,POINT (-93.30853198104464 44.94661366348106),0.0
30,1,POINT (-93.30853198104464 44.94886196439037),0.0
30,2,POINT (-93.30535865388083 44.94661366348106),2.129032258064516
30,3,POINT (-93.30535865388083 44.94886196439037),0.9032258064516129
31,0,POINT (-93.30853198104464 44.96010346893694),0.12903225806451613
31,1,POINT (-93.30853198104464 44.96235176984624),0.0967741935483871
31,2,POINT (-93.30535865388083 44.96010346893694),0.0
31,3,POINT (-93.30535865388083 44.96235176984624),0.0
32,0,POINT (-93.30853198104464 44.9735932743928),0.25806451612903225
32,1,POINT (-93.30853198104464 44.97584157530211),0.0
32,2,POINT (-93.30535865388083 44.9735932743928),0.0
32,3,POINT (-93.30535865388083 44.97584157530211),0.0
33,0,POINT (-93.30853198104464 44.97808987621143),0.0
33,1,POINT (-93.30853198104464 44.98033817712074),0.29032258064516125
33,2,POINT (-93.30535865388083 44.97808987621143),0.03225806451612903
33,3,POINT (-93.30535865388083 44.98033817712074),0.45161290322580644
34,0,POINT (-93.30853198104464 44.98258647803005),0.12903225806451613
34,1,POINT (-93.30853198104464 44.98483477893936),0.12903225806451613
34,2,POINT (-93.30535865388083 44.98258647803005),0.0
34,3,POINT (-93.30535865388083 44.98483477893936),0.0
35,0,POINT (-93.30853198104464 44.98708307984867),0.03225806451612903
35,1,POINT (-93.30853198104464 44.98933138075797),0.3225806451612903
35,2,POINT (-93.30535865388083 44.98708307984867),0.16129032258064516
35,3,POINT (-93.30535865388083 44.98933138075797),0.5483870967741935
36,0,POINT (-93.30853198104464 44.9915796816673),1.3225806451612903
36,1,POINT (-93.30853198104464 44.9938279825766),0.1935483870967742
36,2,POINT (-93.30535865388083 44.9915796816673),0.4516129032258065
36,3,POINT (-93.30535865388083 44.9938279825766),0.06451612903225806
37,0,POINT (-93.30853198104464 44.99607628348592),0.03225806451612903
37,1,POINT (-93.30853198104464 44.99832458439523),1.7741935483870968
37,2,POINT (-93.30535865388083 44.99607628348592),0.0
37,3,POINT (-93.30535865388083 44.99832458439523),0.4516129032258065
38,0,POINT (-93.30853198104464 45.00057288530454),0.12903225806451613
38,1,POINT (-93.30853198104464 45.00282118621385),2.0
38,2,POINT (-93.30535865388083 45.00057288530454),1.1935483870967742
38,3,POINT (-93.30535865388083 45.00282118621385),0.2903225806451613
39,0,POINT (-93.30853198104464 45.00506948712316),2.3548387096774195
39,1,POINT (-93.30853198104464 45.00731778803247),0.0
39,2,POINT (-93.30535865388083 45.00506948712316),0.4838709677419355
39,3,POINT (-93.30535865388083 45.00731778803247),0.25806451612903225
40,0,POINT (-93.30853198104464 45.00956608894178),0.4838709677419355
40,1,POINT (-93.30853198104464 45.0118143898511),0.4193548387096774
40,2,POINT (-93.30535865388083 45.00956608894178),0.16129032258064516
40,3,POINT (-93.30535865388083 45.0118143898511),0.06451612903225806
41,0,POINT (-93.30853198104464 45.01406269076041),1.3225806451612903
41,1,POINT (-93.30853198104464 45.01631099166972),0.1935483870967742
41,2,POINT (-93.30535865388083 45.01406269076041),0.03225806451612903
41,3,POINT (-93.30535865388083 45.01631099166972),0.29032258064516125
42,0,POINT (-93.30853198104464 45.01855929257903),0.0967741935483871
42,1,POINT (-93.30853198104464 45.02080759348834),0.3548387096774194
42,2,POINT (-93.30535865388083 45.01855929257903),0.8387096774193548
42,3,POINT (-93.30535865388083 45.02080759348834),0.0
43,0,POINT (-93.30853198104464 45.02305589439765),0.0
43,1,POINT (-93.30853198104464 45.02530419530696),0.0
43,2,POINT (-93.30535865388083 45.02305589439765),0.0967741935483871
43,3,POINT (-93.30535865388083 45.02530419530696),0.0
44,0,POINT (-93.30853198104464 45.0320490980349),0.0
44,1,POINT (-93.30853198104464 45.03429739894421),0.0
44,2,POINT (-93.30535865388083 45.0320490980349),0.0
44,3,POINT (-93.30535865388083 45.03429739894421),0.03225806451612903
45,0,POINT (-93.30218532671707 44.93762045984381),0.06451612903225806
45,1,POINT (-93.30218532671707 44.93986876075313),0.0
45,2,POINT (-93.29901199955326 44.93762045984381),0.2903225806451613
45,3,POINT (-93.29901199955326 44.93986876075313),0.3870967741935484
46,0,POINT (-93.30218532671707 44.94211706166244),1.7741935483870968
46,1,POINT (-93.30218532671707 44.94436536257175),0.0
46,2,POINT (-93.29901199955326 44.94211706166244),0.03225806451612903
46,3,POINT (-93.29901199955326 44.94436536257175),0.9032258064516129
47,0,POINT (-93.30218532671707 44.94661366348106),0.4838709677419355
47,1,POINT (-93.30297865850801 44.94829988916304),7.193548387096775
47,2,POINT (-93.29901199955326 44.94661366348106),4.064516129032258
47,3,POINT (-93.29901199955326 44.94886196439037),4.806451612903226
48,0,POINT (-93.30218532671707 44.95111026529968),0.0967741935483871
48,1,POINT (-93.30218532671707 44.95335856620899),0.0
48,2,POINT (-93.29901199955326 44.95111026529968),2.258064516129032
48,3,POINT (-93.29901199955326 44.95335856620899),1.064516129032258
49,0,POINT (-93.30218532671707 44.95560686711831),0.0
49,1,POINT (-93.30218532671707 44.95785516802761),0.0
49,2,POINT (-93.29901199955326 44.95560686711831),1.2580645161290323
49,3,POINT (-93.29901199955326 44.95785516802761),0.25806451612903225
50,0,POINT (-93.30218532671707 44.96460007075555),0.12903225806451613
50,1,POINT (-93.30218532671707 44.96684837166487),0.0
50,2,POINT (-93.29901199955326 44.96460007075555),0.03225806451612903
50,3,POINT (-93.29901199955326 44.96684837166487),0.16129032258064516
51,0,POINT (-93.30218532671707 44.96909667257417),0.03225806451612903
51,1,POINT (-93.30218532671707 44.97134497348349),0.0
51,2,POINT (-93.29901199955326 44.96909667257417),0.0
51,3,POINT (-93.29901199955326 44.97134497348349),0.0
52,0,POINT (-93.30218532671707 44.97808987621143),0.0
52,1,POINT (-93.30218532671707 44.98033817712074),0.3225806451612903
52,2,POINT (-93.29901199955326 44.97808987621143),0.870967741935484
52,3,POINT (-93.29901199955326 44.98033817712074),0.4838709677419355
53,0,POINT (-93.30218532671707 44.98258647803005),0.06451612903225806
53,1,POINT (-93.30218532671707 44.98483477893936),0.03225806451612903
53,2,POINT (-93.29901199955326 44.98258647803005),0.03225806451612903
53,3,POINT (-93.29901199955326 44.98483477893936),0.41935483870967744
54,0,POINT (-93.30218532671707 44.98708307984867),0.03225806451612903
54,1,POINT (-93.30218532671707 44.98933138075797),0.3225806451612903
54,2,POINT (-93.29901199955326 44.98708307984867),0.0967741935483871
54,3,POINT (-93.29901199955326 44.98933138075797),0.03225806451612903
55,0,POINT (-93.30218532671707 44.9915796816673),1.2258064516129032
55,1,POINT (-93.30218532671707 44.9938279825766),0.03225806451612903
55,2,POINT (-93.29901199955326 44.9915796816673),0.4838709677419355
55,3,POINT (-93.29901199955326 44.9938279825766),0.7741935483870968
56,0,POINT (-93.30218532671707 44.99607628348592),0.25806451612903225
56,1,POINT (-93.30218532671707 44.99832458439523),0.5483870967741935
56,2,POINT (-93.29901199955326 44.99607628348592),0.5483870967741935
56,3,POINT (-93.29901199955326 44.99832458439523),0.9032258064516129
57,0,POINT (-93.30218532671707 45.00057288530454),1.2903225806451613
57,1,POINT (-93.30218532671707 45.00282118621385),0.0967741935483871
57,2,POINT (-93.29901199955326 45.00057288530454),0.06451612903225806
57,3,POINT (-93.29901199955326 45.00282118621385),0.16129032258064516
58,0,POINT (-93.30218532671707 45.00506948712316),0.3548387096774194
58,1,POINT (-93.30218532671707 45.00731778803247),0.03225806451612903
58,2,POINT (-93.29901199955326 45.00506948712316),0.12903225806451613
58,3,POINT (-93.29901199955326 45.00731778803247),0.0
59,0,POINT (-93.30218532671707 45.00956608894178),0.03225806451612903
59,1,POINT (-93.30218532671707 45.0118143898511),0.06451612903225806
59,2,POINT (-93.29901199955326 45.00956608894178),0.41935483870967744
59,3,POINT (-93.29901199955326 45.0118143898511),0.12903225806451613
60,0,POINT (-93.30218532671707 45.01406269076041),0.16129032258064516
60,1,POINT (-93.30218532671707 45.01631099166972),0.22580645161290322
60,2,POINT (-93.29901199955326 45.01406269076041),0.5161290322580645
60,3,POINT (-93.29901199955326 45.01631099166972),0.0
61,0,POINT (-93.30218532671707 45.01855929257903),0.06451612903225806
61,1,POINT (-93.30218532671707 45.02080759348834),0.03225806451612903
61,2,POINT (-93.29901199955326 45.01855929257903),0.0967741935483871
61,3,POINT (-93.29901199955326 45.02080759348834),0.0
62,0,POINT (-93.30218532671707 45.02305589439765),0.0
62,1,POINT (-93.30218532671707 45.02530419530696),0.0
62,2,POINT (-93.29901199955326 45.02305589439765),0.16129032258064516
62,3,POINT (-93.29901199955326 45.02530419530696),0.0
63,0,POINT (-93.30218532671707 45.0320490980349),0.0
63,1,POINT (-93.30218532671707 45.03429739894421),0.06451612903225806
63,2,POINT (-93.29901199955326 45.0320490980349),0.0
63,3,POINT (-93.29901199955326 45.03429739894421),0.0
64,0,POINT (-93.29583867238946 44.91963405256933),0.0
64,1,POINT (-93.29583867238946 44.92188235347863),0.06451612903225806
64,2,POINT (-93.29266534522566 44.91963405256933),0.0
64,3,POINT (-93.29266534522566 44.92188235347863),0.0
65,0,POINT (-93.29583867238946 44.92862725620657),0.5806451612903226
65,1,POINT (-93.29583867238946 44.93087555711588),0.0
65,2,POINT (-93.29266534522566 44.92862725620657),0.0
65,3,POINT (-93.29266534522566 44.93087555711588),0.0
66,0,POINT (-93.29583867238946 44.9331238580252),0.0
66,1,POINT (-93.29583867238946 44.9353721589345),0.0
66,2,POINT (-93.29266534522566 44.9331238580252),0.0
66,3,POINT (-93.29266534522566 44.9353721589345),0.25806451612903225
67,0,POINT (-93.29583867238946 44.93762045984381),0.03225806451612903
67,1,POINT (-93.29583867238946 44.93986876075313),1.032258064516129
67,2,POINT (-93.29266534522566 44.93762045984381),0.45161290322580644
67,3,POINT (-93.29266534522566 44.93986876075313),1.6129032258064515
68,0,POINT (-93.29583867238946 44.94211706166244),0.1935483870967742
68,1,POINT (-93.29583867238946 44.94436536257175),0.5483870967741935
68,2,POINT (-93.29266534522566 44.94211706166244),0.22580645161290322
68,3,POINT (-93.29266534522566 44.94436536257175),0.29032258064516125
69,0,POINT (-93.29583867238946 44.94661366348106),1.032258064516129
69,1,POINT (-93.29583867238946 44.94886196439037),8.548387096774194
69,2,POINT (-93.29266534522566 44.94661366348106),0.6451612903225807
69,3,POINT (-93.29266534522566 44.94886196439037),4.967741935483871
70,0,POINT (-93.29583867238946 44.95111026529968),3.096774193548387
70,1,POINT (-93.29583867238946 44.95335856620899),3.064516129032258
70,2,POINT (-93.29266534522566 44.95111026529968),1.870967741935484
70,3,POINT (-93.29266534522566 44.95335856620899),0.967741935483871
71,0,POINT (-93.29583867238946 44.95560686711831),3.935483870967742
71,1,POINT (-93.29583867238946 44.95785516802761),4.161290322580645
71,2,POINT (-93.29266534522566 44.95560686711831),0.7096774193548387
71,3,POINT (-93.29266534522566 44.95785516802761),0.22580645161290322
72,0,POINT (-93.29583867238946 44.96010346893694),1.3870967741935485
72,1,POINT (-93.29583867238946 44.96235176984624),0.0967741935483871
72,2,POINT (-93.29266534522566 44.96010346893694),2.6129032258064515
72,3,POINT (-93.29266534522566 44.96235176984624),3.67741935483871
73,0,POINT (-93.29583867238946 44.96460007075555),0.06451612903225806
73,1,POINT (-93.29583867238946 44.96684837166487),0.0
73,2,POINT (-93.29266534522566 44.96460007075555),1.5806451612903225
73,3,POINT (-93.29266534522566 44.96684837166487),0.4838709677419355
74,0,POINT (-93.29583867238946 44.96909667257417),0.0
74,1,POINT (-93.29583867238946 44.97134497348349),0.0
74,2,POINT (-93.29266534522566 44.96909667257417),0.03225806451612903
74,3,POINT (-93.29266534522566 44.97134497348349),0.0
75,0,POINT (-93.29583867238946 44.97808987621143),0.5806451612903226
75,1,POINT (-93.29583867238946 44.98033817712074),0.3870967741935484
75,2,POINT (-93.29266534522566 44.97808987621143),0.06451612903225806
75,3,POINT (-93.29266534522566 44.98033817712074),0.0
76,0,POINT (-93.29583867238946 44.98258647803005),0.0
76,1,POINT (-93.29583867238946 44.98483477893936),0.5483870967741935
76,2,POINT (-93.29266534522566 44.98258647803005),0.0
76,3,POINT (-93.29266534522566 44.98483477893936),0.16129032258064516
77,0,POINT (-93.29583867238946 44.98708307984867),0.0
77,1,POINT (-93.29583867238946 44.98933138075797),0.0
77,2,POINT (-93.29266534522566 44.98708307984867),0.03225806451612903
77,3,POINT (-93.29266534522566 44.98933138075797),0.0
78,0,POINT (-93.29583867238946 44.9915796816673),0.6451612903225807
78,1,POINT (-93.29583867238946 44.9938279825766),0.4516129032258065
78,2,POINT (-93.29266534522566 44.9915796816673),0.7741935483870968
78,3,POINT (-93.29266534522566 44.9938279825766),0.0
79,0,POINT (-93.29583867238946 44.99607628348592),0.0
79,1,POINT (-93.29583867238946 44.99832458439523),3.2580645161290325
79,2,POINT (-93.29266534522566 44.99607628348592),0.16129032258064516
79,3,POINT (-93.29266534522566 44.99832458439523),0.8387096774193549
80,0,POINT (-93.29583867238946 45.00057288530454),2.193548387096774
80,1,POINT (-93.29583867238946 45.00282118621385),0.0
80,2,POINT (-93.29266534522566 45.00057288530454),0.4838709677419355
80,3,POINT (-93.29266534522566 45.00282118621385),0.06451612903225806
81,0,POINT (-93.29583867238946 45.00506948712316),0.03225806451612903
81,1,POINT (-93.29583867238946 45.00731778803247),0.4838709677419355
81,2,POINT (-93.29266534522566 45.00506948712316),0.32258064516129026
81,3,POINT (-93.29266534522566 45.00731778803247),0.0
82,0,POINT (-93.29583867238946 45.00956608894178),1.0
82,1,POINT (-93.29583867238946 45.0118143898511),0.22580645161290322
82,2,POINT (-93.29266534522566 45.00956608894178),0.29032258064516125
82,3,POINT (-93.29266534522566 45.0118143898511),0.12903225806451613
83,0,POINT (-93.29583867238946 45.01406269076041),0.5806451612903225
83,1,POINT (-93.29583867238946 45.01631099166972),0.03225806451612903
83,2,POINT (-93.29266534522566 45.01406269076041),0.9354838709677419
83,3,POINT (-93.29266534522566 45.01631099166972),0.3870967741935484
84,0,POINT (-93.29583867238946 45.01855929257903),0.0
84,1,POINT (-93.29583867238946 45.02080759348834),0.29032258064516125
84,2,POINT (-93.29266534522566 45.01855929257903),0.25806451612903225
84,3,POINT (-93.29266534522566 45.02080759348834),0.12903225806451613
85,0,POINT (-93.29583867238946 45.02305589439765),0.0967741935483871
85,1,POINT (-93.29583867238946 45.02530419530696),0.03225806451612903
85,2,POINT (-93.29266534522566 45.02305589439765),0.0
85,3,POINT (-93.29266534522566 45.02530419530696),0.0
86,0,POINT (-93.29583867238946 45.02755249621628),0.0
86,1,POINT (-93.29583867238946 45.02980079712558),0.0
86,2,POINT (-93.29266534522566 45.02755249621628),0.0
86,3,POINT (-93.29266534522566 45.02980079712558),0.1935483870967742
87,0,POINT (-93.29583867238946 45.0320490980349),0.06451612903225806
87,1,POINT (-93.29583867238946 45.03429739894421),0.0967741935483871
87,2,POINT (-93.29266534522566 45.0320490980349),0.0
87,3,POINT (-93.29266534522566 45.03429739894421),0.0967741935483871
88,0,POINT (-93.29583867238946 45.03654569985352),0.06451612903225806
88,1,POINT (-93.29583867238946 45.03879400076283),0.0
88,2,POINT (-93.29266534522566 45.03654569985352),0.0
88,3,POINT (-93.29266534522566 45.03879400076283),0.0
89,0,POINT (-93.28949201806189 44.91064084893208),0.0
89,1,POINT (-93.28949201806189 44.91288914984139),0.0
89,2,POINT (-93.28631869089809 44.91064084893208),0.0
89,3,POINT (-93.28631869089809 44.91288914984139),0.0967741935483871
90,0,POINT (-93.28949201806189 44.91513745075071),0.0
90,1,POINT (-93.28949201806189 44.91738575166001),0.0
90,2,POINT (-93.28631869089809 44.91513745075071),0.1935483870967742
90,3,POINT (-93.28631869089809 44.91738575166001),0.0
91,0,POINT (-93.28949201806189 44.92413065438795),0.2903225806451613
91,1,POINT (-93.28949201806189 44.92637895529726),0.0
91,2,POINT (-93.28631869089809 44.92413065438795),0.0
91,3,POINT (-93.28631869089809 44.92637895529726),0.0
92,0,POINT (-93.28949201806189 44.92862725620657),0.22580645161290322
92,1,POINT (-93.28949201806189 44.93087555711588),0.12903225806451613
92,2,POINT (-93.28631869089809 44.92862725620657),0.0
92,3,POINT (-93.28631869089809 44.93087555711588),0.25806451612903225
93,0,POINT (-93.28949201806189 44.9331238580252),0.0
93,1,POINT (-93.28949201806189 44.9353721589345),0.1935483870967742
93,2,POINT (-93.28631869089809 44.9331238580252),0.1935483870967742
93,3,POINT (-93.28631869089809 44.9353721589345),0.12903225806451613
94,0,POINT (-93.28949201806189 44.93762045984381),2.161290322580645
94,1,POINT (-93.28949201806189 44.93986876075313),0.5806451612903226
94,2,POINT (-93.28631869089809 44.93762045984381),0.3548387096774194
94,3,POINT (-93.28631869089809 44.93986876075313),0.22580645161290322
95,0,POINT (-93.28949201806189 44.94211706166244),0.7419354838709677
95,1,POINT (-93.28949201806189 44.94436536257175),0.6129032258064516
95,2,POINT (-93.28631869089809 44.94211706166244),2.064516129032258
95,3,POINT (-93.28631869089809 44.94436536257175),0.4193548387096774
96,0,POINT (-93.28869868627092 44.94717573870839),8.580645161290322
96,1,POINT (-93.28869868627092 44.94829988916304),9.35483870967742
96,2,POINT (-93.28631869089809 44.94661366348106),1.4516129032258065
96,3,POINT (-93.28631869089809 44.94886196439037),1.5806451612903225
97,0,POINT (-93.28869868627092 44.95054819007235),6.258064516129032
97,1,POINT (-93.28949201806189 44.95335856620899),1.7419354838709675
97,2,POINT (-93.28631869089809 44.95111026529968),2.0
97,3,POINT (-93.28631869089809 44.95335856620899),2.225806451612903
98,0,POINT (-93.28869868627092 44.95504479189098),8.451612903225808
98,1,POINT (-93.28949201806189 44.95785516802761),0.22580645161290322
98,2,POINT (-93.28631869089809 44.95560686711831),1.7741935483870968
98,3,POINT (-93.28631869089809 44.95785516802761),1.7419354838709677
99,0,POINT (-93.28949201806189 44.96010346893694),4.483870967741936
99,1,POINT (-93.28869868627092 44.96178969461891),10.290322580645162
99,2,POINT (-93.28631869089809 44.96010346893694),2.4193548387096775
99,3,POINT (-93.28631869089809 44.96235176984624),1.7741935483870968
100,0,POINT (-93.28949201806189 44.96460007075555),0.6129032258064516
100,1,POINT (-93.28949201806189 44.96684837166487),3.0
100,2,POINT (-93.28631869089809 44.96460007075555),0.41935483870967744
100,3,POINT (-93.28552535910713 44.9674104468922),5.870967741935484
101,0,POINT (-93.28869868627092 44.96853459734685),5.67741935483871
101,1,POINT (-93.28949201806189 44.97134497348349),0.3870967741935484
101,2,POINT (-93.28631869089809 44.96909667257417),0.2903225806451613
101,3,POINT (-93.28631869089809 44.97134497348349),1.4838709677419355
102,0,POINT (-93.28949201806189 44.9735932743928),0.22580645161290322
102,1,POINT (-93.28949201806189 44.97584157530211),0.03225806451612903
102,2,POINT (-93.28631869089809 44.9735932743928),0.6129032258064516
102,3,POINT (-93.28631869089809 44.97584157530211),0.03225806451612903
103,0,POINT (-93.28949201806189 44.97808987621143),0.0
103,1,POINT (-93.28949201806189 44.98033817712074),1.7096774193548385
103,2,POINT (-93.28631869089809 44.97808987621143),1.032258064516129
103,3,POINT (-93.28631869089809 44.98033817712074),1.3225806451612903
104,0,POINT (-93.28949201806189 44.98258647803005),0.1935483870967742
104,1,POINT (-93.28949201806189 44.98483477893936),0.5806451612903225
104,2,POINT (-93.28631869089809 44.98258647803005),0.7741935483870968
104,3,POINT (-93.28631869089809 44.98483477893936),0.0
105,0,POINT (-93.28949201806189 44.98708307984867),0.3225806451612903
105,1,POINT (-93.28949201806189 44.98933138075797),0.5161290322580645
105,2,POINT (-93.28631869089809 44.98708307984867),0.22580645161290322
105,3,POINT (-93.28631869089809 44.98933138075797),0.03225806451612903
106,0,POINT (-93.28949201806189 44.9915796816673),0.12903225806451613
106,1,POINT (-93.28949201806189 44.9938279825766),0.0
106,2,POINT (-93.28631869089809 44.9915796816673),0.0
106,3,POINT (-93.28631869089809 44.9938279825766),0.0
107,0,POINT (-93.28949201806189 44.99607628348592),0.16129032258064516
107,1,POINT (-93.28949201806189 44.99832458439523),1.7419354838709677
107,2,POINT (-93.28631869089809 44.99607628348592),0.0
107,3,POINT (-93.28631869089809 44.99832458439523),2.967741935483871
108,0,POINT (-93.28949201806189 45.00057288530454),8.193548387096774
108,1,POINT (-93.28949201806189 45.00282118621385),0.0967741935483871
108,2,POINT (-93.28631869089809 45.00057288530454),0.25806451612903225
108,3,POINT (-93.28631869089809 45.00282118621385),0.0
109,0,POINT (-93.28949201806189 45.00506948712316),0.12903225806451613
109,1,POINT (-93.28949201806189 45.00731778803247),0.0
109,2,POINT (-93.28631869089809 45.00506948712316),0.5483870967741935
109,3,POINT (-93.28631869089809 45.00731778803247),0.06451612903225806
110,0,POINT (-93.28949201806189 45.00956608894178),0.16129032258064516
110,1,POINT (-93.28949201806189 45.0118143898511),0.5806451612903225
110,2,POINT (-93.28631869089809 45.00956608894178),0.0967741935483871
110,3,POINT (-93.28631869089809 45.0118143898511),0.0
111,0,POINT (-93.28949201806189 45.01406269076041),0.5483870967741935
111,1,POINT (-93.28949201806189 45.01631099166972),0.5806451612903226
111,2,POINT (-93.28631869089809 45.01406269076041),0.5806451612903226
111,3,POINT (-93.28631869089809 45.01631099166972),0.0
112,0,POINT (-93.28949201806189 45.01855929257903),0.0
112,1,POINT (-93.28949201806189 45.02080759348834),0.03225806451612903
112,2,POINT (-93.28631869089809 45.01855929257903),0.5806451612903226
112,3,POINT (-93.28631869089809 45.02080759348834),0.0967741935483871
113,0,POINT (-93.28949201806189 45.02305589439765),0.0967741935483871
113,1,POINT (-93.28949201806189 45.02530419530696),0.1935483870967742
113,2,POINT (-93.28631869089809 45.02305589439765),0.1935483870967742
113,3,POINT (-93.28631869089809 45.02530419530696),0.03225806451612903
114,0,POINT (-93.28949201806189 45.02755249621628),0.0
114,1,POINT (-93.28949201806189 45.02980079712558),0.03225806451612903
114,2,POINT (-93.28631869089809 45.02755249621628),0.0
114,3,POINT (-93.28631869089809 45.02980079712558),0.0
115,0,POINT (-93.28949201806189 45.03654569985352),0.03225806451612903
115,1,POINT (-93.28949201806189 45.03879400076283),0.0
115,2,POINT (-93.28631869089809 45.03654569985352),0.0
115,3,POINT (-93.28631869089809 45.03879400076283),0.0
116,0,POINT (-93.28314536373431 44.90164764529483),0.0
116,1,POINT (-93.28314536373431 44.90389594620414),0.0
116,2,POINT (-93.27997203657051 44.90164764529483),0.0
116,3,POINT (-93.27997203657051 44.90389594620414),0.03225806451612903
117,0,POINT (-93.28314536373431 44.91963405256933),0.0
117,1,POINT (-93.28314536373431 44.92188235347863),0.0
117,2,POINT (-93.27997203657051 44.91963405256933),0.0
117,3,POINT (-93.27997203657051 44.92188235347863),0.16129032258064516
118,0,POINT (-93.28314536373431 44.92413065438795),0.0
118,1,POINT (-93.28314536373431 44.92637895529726),0.0
118,2,POINT (-93.27997203657051 44.92413065438795),0.06451612903225806
118,3,POINT (-93.27997203657051 44.92637895529726),0.06451612903225806
119,0,POINT (-93.28314536373431 44.92862725620657),0.0
119,1,POINT (-93.28314536373431 44.93087555711588),0.03225806451612903
119,2,POINT (-93.27997203657051 44.92862725620657),0.12903225806451613
119,3,POINT (-93.27997203657051 44.93087555711588),0.0
120,0,POINT (-93.28314536373431 44.9331238580252),0.25806451612903225
120,1,POINT (-93.28314536373431 44.9353721589345),0.29032258064516125
120,2,POINT (-93.27997203657051 44.9331238580252),0.22580645161290322
120,3,POINT (-93.27997203657051 44.9353721589345),0.1935483870967742
121,0,POINT (-93.28314536373431 44.93762045984381),0.3870967741935484
121,1,POINT (-93.28314536373431 44.93986876075313),0.22580645161290322
121,2,POINT (-93.27997203657051 44.93762045984381),0.0967741935483871
121,3,POINT (-93.27997203657051 44.93986876075313),0.03225806451612903
122,0,POINT (-93.28314536373431 44.94211706166244),0.6451612903225806
122,1,POINT (-93.28314536373431 44.94436536257175),0.0
122,2,POINT (-93.27997203657051 44.94211706166244),1.7741935483870968
122,3,POINT (-93.27997203657051 44.94436536257175),0.25806451612903225
123,0,POINT (-93.28314536373431 44.94661366348106),2.7096774193548385
123,1,POINT (-93.28314536373431 44.94886196439037),0.7419354838709677
123,2,POINT (-93.27997203657051 44.94661366348106),3.516129032258064
123,3,POINT (-93.27997203657051 44.94886196439037),0.6129032258064515
124,0,POINT (-93.28314536373431 44.95111026529968),3.161290322580645
124,1,POINT (-93.28314536373431 44.95335856620899),0.4193548387096774
124,2,POINT (-93.27997203657051 44.95111026529968),1.6451612903225805
124,3,POINT (-93.27997203657051 44.95335856620899),1.2903225806451613
125,0,POINT (-93.28314536373431 44.95560686711831),0.4193548387096774
125,1,POINT (-93.28314536373431 44.95785516802761),0.5806451612903225
125,2,POINT (-93.27997203657051 44.95560686711831),3.1290322580645165
125,3,POINT (-93.27997203657051 44.95785516802761),2.4516129032258065
126,0,POINT (-93.28314536373431 44.96010346893694),1.935483870967742
126,1,POINT (-93.28314536373431 44.96235176984624),2.225806451612903
126,2,POINT (-93.27997203657051 44.96010346893694),3.709677419354839
126,3,POINT (-93.27997203657051 44.96235176984624),2.903225806451613
127,0,POINT (-93.28314536373431 44.96460007075555),0.22580645161290322
127,1,POINT (-93.28314536373431 44.96684837166487),3.1935483870967745
127,2,POINT (-93.27997203657051 44.96460007075555),1.064516129032258
127,3,POINT (-93.27997203657051 44.96684837166487),19.580645161290324
128,0,POINT (-93.28393869552524 44.96853459734685),8.225806451612902
128,1,POINT (-93.28314536373431 44.97134497348349),2.4516129032258065
128,2,POINT (-93.28076536836143 44.9696587478015),23.612903225806452
128,3,POINT (-93.27997203657051 44.97134497348349),2.5161290322580645
129,0,POINT (-93.28235203194336 44.97415534962013),8.64516129032258
129,1,POINT (-93.28314536373431 44.97584157530211),1.032258064516129
129,2,POINT (-93.28076536836143 44.97415534962012),9.967741935483872
129,3,POINT (-93.27917870477954 44.97527950007478),8.064516129032258
130,0,POINT (-93.28314536373431 44.97808987621143),0.8064516129032258
130,1,POINT (-93.28314536373431 44.98033817712074),0.22580645161290322
130,2,POINT (-93.27997203657051 44.97808987621143),0.32258064516129037
130,3,POINT (-93.27997203657051 44.98033817712074),2.935483870967742
131,0,POINT (-93.28314536373431 44.98258647803005),0.0967741935483871
131,1,POINT (-93.28314536373431 44.98483477893936),0.3870967741935484
131,2,POINT (-93.27997203657051 44.98258647803005),0.06451612903225806
131,3,POINT (-93.27997203657051 44.98483477893936),19.38709677419355
132,0,POINT (-93.28314536373431 44.98708307984867),2.4838709677419355
132,1,POINT (-93.28314536373431 44.98933138075797),2.580645161290323
132,2,POINT (-93.27917870477954 44.987645155076),11.096774193548388
132,3,POINT (-93.27997203657051 44.98933138075797),9.096774193548388
133,0,POINT (-93.28314536373431 44.9915796816673),0.0967741935483871
133,1,POINT (-93.28314536373431 44.9938279825766),0.0
133,2,POINT (-93.27997203657051 44.9915796816673),0.8064516129032258
133,3,POINT (-93.27997203657051 44.9938279825766),0.1935483870967742
134,0,POINT (-93.28314536373431 44.99607628348592),0.22580645161290322
134,1,POINT (-93.28314536373431 44.99832458439523),0.25806451612903225
134,2,POINT (-93.27997203657051 44.99607628348592),0.16129032258064516
134,3,POINT (-93.27997203657051 44.99832458439523),0.29032258064516125
135,0,POINT (-93.28314536373431 45.00057288530454),0.4516129032258065
135,1,POINT (-93.28314536373431 45.00282118621385),0.16129032258064516
135,2,POINT (-93.27997203657051 45.00057288530454),1.5483870967741935
135,3,POINT (-93.27997203657051 45.00282118621385),0.1935483870967742
136,0,POINT (-93.28314536373431 45.00506948712316),0.22580645161290322
136,1,POINT (-93.28314536373431 45.00731778803247),0.2903225806451613
136,2,POINT (-93.27997203657051 45.00506948712316),0.3548387096774194
136,3,POINT (-93.27997203657051 45.00731778803247),0.0
137,0,POINT (-93.28314536373431 45.00956608894178),0.0
137,1,POINT (-93.28314536373431 45.0118143898511),0.0967741935483871
137,2,POINT (-93.27997203657051 45.00956608894178),0.0
137,3,POINT (-93.27997203657051 45.0118143898511),0.0967741935483871
138,0,POINT (-93.28314536373431 45.01406269076041),0.0
138,1,POINT (-93.28314536373431 45.01631099166972),0.0
138,2,POINT (-93.27997203657051 45.01406269076041),0.12903225806451613
138,3,POINT (-93.27997203657051 45.01631099166972),0.0
139,0,POINT (-93.27679870940671 44.88815783983897),0.0
139,1,POINT (-93.27679870940671 44.89040614074828),0.0967741935483871
139,2,POINT (-93.27362538224291 44.88815783983897),0.0
139,3,POINT (-93.27362538224291 44.89040614074828),0.0
140,0,POINT (-93.27679870940671 44.89715104347621),0.0
140,1,POINT (-93.27679870940671 44.89939934438552),0.06451612903225806
140,2,POINT (-93.27362538224291 44.89715104347621),0.0
140,3,POINT (-93.27362538224291 44.89939934438552),0.0
141,0,POINT (-93.27679870940671 44.90164764529483),0.0
141,1,POINT (-93.27679870940671 44.90389594620414),0.06451612903225806
141,2,POINT (-93.27362538224291 44.90164764529483),0.0
141,3,POINT (-93.27362538224291 44.90389594620414),0.0
142,0,POINT (-93.27679870940671 44.91963405256933),0.12903225806451613
142,1,POINT (-93.27679870940671 44.92188235347863),0.0
142,2,POINT (-93.27362538224291 44.91963405256933),0.0
142,3,POINT (-93.27362538224291 44.92188235347863),0.0
143,0,POINT (-93.27679870940671 44.92862725620657),0.3548387096774194
143,1,POINT (-93.27679870940671 44.93087555711588),0.3548387096774194
143,2,POINT (-93.27362538224291 44.92862725620657),0.0
143,3,POINT (-93.27362538224291 44.93087555711588),0.0
144,0,POINT (-93.27679870940671 44.9331238580252),0.7096774193548387
144,1,POINT (-93.27679870940671 44.9353721589345),1.1612903225806452
144,2,POINT (-93.27362538224291 44.9331238580252),0.25806451612903225
144,3,POINT (-93.27362538224291 44.9353721589345),0.0
145,0,POINT (-93.27679870940671 44.93762045984381),0.6129032258064516
145,1,POINT (-93.27679870940671 44.93986876075313),1.193548387096774
145,2,POINT (-93.27362538224291 44.93762045984381),0.5483870967741935
145,3,POINT (-93.27362538224291 44.93986876075313),0.16129032258064516
146,0,POINT (-93.27679870940671 44.94211706166244),1.3870967741935483
146,1,POINT (-93.27679870940671 44.94436536257175),0.5161290322580645
146,2,POINT (-93.27362538224291 44.94211706166244),0.25806451612903225
146,3,POINT (-93.27362538224291 44.94436536257175),0.12903225806451613
147,0,POINT (-93.27679870940671 44.94661366348106),2.32258064516129
147,1,POINT (-93.27679870940671 44.94886196439037),0.8064516129032258
147,2,POINT (-93.27362538224291 44.94661366348106),1.2903225806451615
147,3,POINT (-93.27362538224291 44.94886196439037),3.225806451612903
148,0,POINT (-93.27679870940671 44.95111026529968),1.3548387096774193
148,1,POINT (-93.27679870940671 44.95335856620899),4.838709677419354
148,2,POINT (-93.27362538224291 44.95111026529968),0.0
148,3,POINT (-93.27362538224291 44.95335856620899),1.2580645161290323
149,0,POINT (-93.27759204119766 44.95504479189098),13.677419354838712
149,1,POINT (-93.27759204119766 44.95841724325495),6.612903225806452
149,2,POINT (-93.27362538224291 44.95560686711831),1.096774193548387
149,3,POINT (-93.27362538224291 44.95785516802761),1.5483870967741935
150,0,POINT (-93.27679870940671 44.96010346893694),1.6451612903225805
150,1,POINT (-93.27679870940671 44.96235176984624),7.419354838709677
150,2,POINT (-93.27362538224291 44.96010346893694),2.129032258064516
150,3,POINT (-93.27362538224291 44.96235176984624),3.258064516129032
151,0,POINT (-93.27679870940671 44.96460007075555),10.483870967741936
151,1,POINT (-93.27679870940671 44.96684837166487),9.870967741935484
151,2,POINT (-93.27362538224291 44.96460007075555),3.225806451612903
151,3,POINT (-93.27362538224291 44.96684837166487),4.580645161290323
152,0,POINT (-93.27679870940671 44.96909667257417),9.677419354838708
152,1,POINT (-93.27600537761575 44.97190704871082),18.677419354838708
152,2,POINT (-93.27441871403386 44.9696587478015),6.645161290322581
152,3,POINT (-93.27362538224291 44.97134497348349),23.258064516129032
153,0,POINT (-93.27600537761575 44.97303119916546),30.903225806451616
153,1,POINT (-93.27679870940671 44.97584157530211),27.41935483870968
153,2,POINT (-93.27362538224291 44.9735932743928),53.677419354838705
153,3,POINT (-93.27362538224291 44.97584157530211),34.096774193548384
154,0,POINT (-93.27600537761575 44.97865195143874),20.935483870967744
154,1,POINT (-93.27600537761575 44.97977610189341),11.61290322580645
154,2,POINT (-93.27362538224291 44.97808987621143),33.29032258064516
154,3,POINT (-93.27441871403386 44.98090025234806),15.61290322580645
155,0,POINT (-93.27679870940671 44.98258647803005),0.3870967741935484
155,1,POINT (-93.27600537761575 44.98539685416669),32.064516129032256
155,2,POINT (-93.27362538224291 44.98258647803005),13.193548387096774
155,3,POINT (-93.27283205045197 44.98539685416669),9.96774193548387
156,0,POINT (-93.27679870940671 44.98708307984867),56.19354838709677
156,1,POINT (-93.27679870940671 44.98933138075797),1.903225806451613
156,2,POINT (-93.27441871403386 44.98652100462133),12.516129032258064
156,3,POINT (-93.27283205045197 44.98876930553065),8.064516129032258
157,0,POINT (-93.27679870940671 44.9915796816673),0.03225806451612903
157,1,POINT (-93.27679870940671 44.9938279825766),0.16129032258064516
157,2,POINT (-93.27362538224291 44.9915796816673),3.4516129032258065
157,3,POINT (-93.27362538224291 44.9938279825766),0.0
158,0,POINT (-93.27679870940671 44.99607628348592),0.29032258064516125
158,1,POINT (-93.27679870940671 44.99832458439523),0.16129032258064516
158,2,POINT (-93.27362538224291 44.99607628348592),0.0
158,3,POINT (-93.27362538224291 44.99832458439523),0.6774193548387096
159,0,POINT (-93.27679870940671 45.00057288530454),0.1935483870967742
159,1,POINT (-93.27679870940671 45.00282118621385),0.0
159,2,POINT (-93.27362538224291 45.00057288530454),0.0
159,3,POINT (-93.27362538224291 45.00282118621385),0.0
160,0,POINT (-93.27045205507912 44.91963405256933),0.03225806451612903
160,1,POINT (-93.27045205507912 44.92188235347863),0.0
160,2,POINT (-93.26727872791534 44.91963405256933),0.0
160,3,POINT (-93.26727872791534 44.92188235347863),0.0
161,0,POINT (-93.27045205507912 44.92413065438795),0.16129032258064516
161,1,POINT (-93.27045205507912 44.92637895529726),0.0
161,2,POINT (-93.26727872791534 44.92413065438795),0.0
161,3,POINT (-93.26727872791534 44.92637895529726),0.03225806451612903
162,0,POINT (-93.27045205507912 44.9331238580252),0.12903225806451613
162,1,POINT (-93.27045205507912 44.9353721589345),0.0
162,2,POINT (-93.26727872791534 44.9331238580252),0.3870967741935484
162,3,POINT (-93.26727872791534 44.9353721589345),0.03225806451612903
163,0,POINT (-93.27045205507912 44.93762045984381),0.6129032258064516
163,1,POINT (-93.27045205507912 44.93986876075313),0.0
163,2,POINT (-93.26727872791534 44.93762045984381),0.22580645161290322
163,3,POINT (-93.26727872791534 44.93986876075313),0.7096774193548386
164,0,POINT (-93.27045205507912 44.94211706166244),0.45161290322580644
164,1,POINT (-93.27045205507912 44.94436536257175),0.0
164,2,POINT (-93.26727872791534 44.94211706166244),0.8387096774193549
164,3,POINT (-93.26727872791534 44.94436536257175),0.3870967741935484
165,0,POINT (-93.27045205507912 44.94661366348106),0.1935483870967742
165,1,POINT (-93.27045205507912 44.94886196439037),3.258064516129032
165,2,POINT (-93.26727872791534 44.94661366348106),1.0
165,3,POINT (-93.26727872791534 44.94886196439037),1.193548387096774
166,0,POINT (-93.27045205507912 44.95111026529968),0.4838709677419355
166,1,POINT (-93.27045205507912 44.95335856620899),1.064516129032258
166,2,POINT (-93.26727872791534 44.95111026529968),1.2580645161290325
166,3,POINT (-93.26727872791534 44.95335856620899),0.32258064516129037
167,0,POINT (-93.27045205507912 44.95560686711831),0.03225806451612903
167,1,POINT (-93.27045205507912 44.95785516802761),0.3870967741935484
167,2,POINT (-93.26727872791534 44.95560686711831),1.0
167,3,POINT (-93.26727872791534 44.95785516802761),1.5161290322580645
168,0,POINT (-93.27045205507912 44.96010346893694),0.12903225806451613
168,1,POINT (-93.27045205507912 44.96235176984624),1.2580645161290323
168,2,POINT (-93.26727872791534 44.96010346893694),3.67741935483871
168,3,POINT (-93.26727872791534 44.96235176984624),7.483870967741935
169,0,POINT (-93.27045205507912 44.96460007075555),0.3225806451612903
169,1,POINT (-93.27045205507912 44.96684837166487),0.03225806451612903
169,2,POINT (-93.26727872791534 44.96460007075555),4.645161290322581
169,3,POINT (-93.26727872791534 44.96684837166487),1.0
170,0,POINT (-93.27045205507912 44.96909667257417),3.32258064516129
170,1,POINT (-93.27045205507912 44.97134497348349),2.354838709677419
170,2,POINT (-93.26727872791534 44.96909667257417),8.032258064516128
170,3,POINT (-93.26648539612437 44.97078289825617),6.387096774193549
171,0,POINT (-93.27124538687008 44.97303119916546),9.580645161290322
171,1,POINT (-93.27045205507912 44.97584157530211),21.193548387096776
171,2,POINT (-93.26648539612437 44.97415534962013),15.483870967741936
171,3,POINT (-93.26807205970627 44.97527950007479),7.935483870967742
172,0,POINT (-93.27045205507912 44.97808987621143),37.0
172,1,POINT (-93.27045205507912 44.98033817712074),27.612903225806452
172,2,POINT (-93.26807205970627 44.97865195143875),16.419354838709676
172,3,POINT (-93.26727872791534 44.98033817712074),8.935483870967742
173,0,POINT (-93.27045205507912 44.98258647803005),42.67741935483871
173,1,POINT (-93.27045205507912 44.98483477893936),25.58064516129032
173,2,POINT (-93.26727872791534 44.98258647803005),16.903225806451612
173,3,POINT (-93.26727872791534 44.98483477893936),12.129032258064516
174,0,POINT (-93.27124538687008 44.98652100462133),5.741935483870968
174,1,POINT (-93.27045205507912 44.98933138075797),1.903225806451613
174,2,POINT (-93.26727872791534 44.98708307984867),0.0
174,3,POINT (-93.26727872791534 44.98933138075797),0.03225806451612903
175,0,POINT (-93.27045205507912 44.9915796816673),0.0
175,1,POINT (-93.27045205507912 44.9938279825766),2.5483870967741935
175,2,POINT (-93.26727872791534 44.9915796816673),0.0
175,3,POINT (-93.26727872791534 44.9938279825766),1.129032258064516
176,0,POINT (-93.27045205507912 44.99607628348592),0.0
176,1,POINT (-93.27045205507912 44.99832458439523),0.3225806451612903
176,2,POINT (-93.26727872791534 44.99607628348592),2.741935483870968
176,3,POINT (-93.26807205970627 44.99888665962256),7.290322580645161
177,0,POINT (-93.27045205507912 45.00057288530454),2.129032258064516
177,1,POINT (-93.27045205507912 45.00282118621385),0.6451612903225807
177,2,POINT (-93.26727872791534 45.00057288530454),2.870967741935484
177,3,POINT (-93.26727872791534 45.00282118621385),0.03225806451612903
178,0,POINT (-93.27045205507912 45.00506948712316),0.03225806451612903
178,1,POINT (-93.27045205507912 45.00731778803247),1.032258064516129
178,2,POINT (-93.26727872791534 45.00506948712316),0.1935483870967742
178,3,POINT (-93.26727872791534 45.00731778803247),0.0
179,0,POINT (-93.27045205507912 45.00956608894178),0.0
179,1,POINT (-93.27045205507912 45.0118143898511),0.0
179,2,POINT (-93.26727872791534 45.00956608894178),0.16129032258064516
179,3,POINT (-93.26727872791534 45.0118143898511),0.12903225806451613
180,0,POINT (-93.27045205507912 45.01406269076041),0.16129032258064516
180,1,POINT (-93.27045205507912 45.01631099166972),0.0
180,2,POINT (-93.26727872791534 45.01406269076041),0.0967741935483871
180,3,POINT (-93.26727872791534 45.01631099166972),0.0
181,0,POINT (-93.27045205507912 45.01855929257903),0.0967741935483871
181,1,POINT (-93.27045205507912 45.02080759348834),0.0
181,2,POINT (-93.26727872791534 45.01855929257903),0.0
181,3,POINT (-93.26727872791534 45.02080759348834),0.0
182,0,POINT (-93.27045205507912 45.02305589439765),0.0
182,1,POINT (-93.27045205507912 45.02530419530696),0.06451612903225806
182,2,POINT (-93.26727872791534 45.02305589439765),0.0
182,3,POINT (-93.26727872791534 45.02530419530696),0.0
183,0,POINT (-93.26410540075153 44.91513745075071),0.06451612903225806
183,1,POINT (-93.26410540075153 44.91738575166001),0.0
183,2,POINT (-93.26093207358772 44.91513745075071),0.06451612903225806
183,3,POINT (-93.26093207358772 44.91738575166001),0.0
184,0,POINT (-93.26410540075153 44.92413065438795),0.06451612903225806
184,1,POINT (-93.26410540075153 44.92637895529726),0.03225806451612903
184,2,POINT (-93.26093207358772 44.92413065438795),0.0
184,3,POINT (-93.26093207358772 44.92637895529726),0.0
185,0,POINT (-93.26410540075153 44.92862725620657),0.0
185,1,POINT (-93.26410540075153 44.93087555711588),0.06451612903225806
185,2,POINT (-93.26093207358772 44.92862725620657),0.0
185,3,POINT (-93.26093207358772 44.93087555711588),0.16129032258064516
186,0,POINT (-93.26410540075153 44.9331238580252),0.25806451612903225
186,1,POINT (-93.26410540075153 44.9353721589345),0.29032258064516125
186,2,POINT (-93.26093207358772 44.9331238580252),0.12903225806451613
186,3,POINT (-93.26093207358772 44.9353721589345),0.12903225806451613
187,0,POINT (-93.26410540075153 44.93762045984381),0.45161290322580644
187,1,POINT (-93.26410540075153 44.93986876075313),0.0967741935483871
187,2,POINT (-93.26093207358772 44.93762045984381),0.0967741935483871
187,3,POINT (-93.26093207358772 44.93986876075313),0.7096774193548387
188,0,POINT (-93.26410540075153 44.94211706166244),0.29032258064516125
188,1,POINT (-93.26410540075153 44.94436536257175),0.06451612903225806
188,2,POINT (-93.26093207358772 44.94211706166244),0.6129032258064516
188,3,POINT (-93.26093207358772 44.94436536257175),0.5806451612903226
189,0,POINT (-93.26410540075153 44.94661366348106),2.6774193548387095
189,1,POINT (-93.26410540075153 44.94886196439037),0.8064516129032258
189,2,POINT (-93.26093207358772 44.94661366348106),3.3548387096774195
189,3,POINT (-93.26093207358772 44.94886196439037),5.67741935483871
190,0,POINT (-93.26410540075153 44.95111026529968),3.0
190,1,POINT (-93.26410540075153 44.95335856620899),3.032258064516129
190,2,POINT (-93.26093207358772 44.95111026529968),0.4193548387096774
190,3,POINT (-93.26093207358772 44.95335856620899),2.161290322580645
191,0,POINT (-93.26410540075153 44.95560686711831),0.7741935483870968
191,1,POINT (-93.26410540075153 44.95785516802761),0.7419354838709677
191,2,POINT (-93.26093207358772 44.95560686711831),0.4516129032258065
191,3,POINT (-93.26093207358772 44.95785516802761),0.9032258064516129
192,0,POINT (-93.26410540075153 44.96010346893694),2.7096774193548385
192,1,POINT (-93.26489873254246 44.96291384507357),7.935483870967742
192,2,POINT (-93.26093207358772 44.96010346893694),2.870967741935484
192,3,POINT (-93.26093207358772 44.96235176984624),2.4193548387096775
193,0,POINT (-93.26410540075153 44.96460007075555),2.870967741935484
193,1,POINT (-93.26410540075153 44.96684837166487),1.7096774193548385
193,2,POINT (-93.26093207358772 44.96460007075555),0.0967741935483871
193,3,POINT (-93.26093207358772 44.96684837166487),0.3870967741935484
194,0,POINT (-93.26410540075153 44.96909667257417),3.35483870967742
194,1,POINT (-93.26410540075153 44.97134497348349),8.096774193548388
194,2,POINT (-93.26093207358772 44.96909667257417),3.5161290322580645
194,3,POINT (-93.26093207358772 44.97134497348349),2.6451612903225805
195,0,POINT (-93.26410540075153 44.9735932743928),8.709677419354838
195,1,POINT (-93.26410540075153 44.97584157530211),6.612903225806452
195,2,POINT (-93.26093207358772 44.9735932743928),3.6451612903225805
195,3,POINT (-93.26172540537867 44.97640365052944),11.612903225806452
196,0,POINT (-93.26331206896059 44.97752780098409),8.741935483870968
196,1,POINT (-93.26410540075153 44.98033817712074),17.161290322580648
196,2,POINT (-93.26013874179678 44.97865195143874),22.483870967741936
196,3,POINT (-93.26172540537867 44.98090025234806),22.548387096774192
197,0,POINT (-93.26410540075153 44.98258647803005),7.870967741935484
197,1,POINT (-93.26410540075153 44.98483477893936),1.064516129032258
197,2,POINT (-93.26093207358772 44.98258647803005),0.0967741935483871
197,3,POINT (-93.26093207358772 44.98483477893936),0.9032258064516129
198,0,POINT (-93.26410540075153 44.98708307984867),0.45161290322580644
198,1,POINT (-93.26410540075153 44.98933138075797),0.0
198,2,POINT (-93.26093207358772 44.98708307984867),0.8064516129032259
198,3,POINT (-93.26093207358772 44.98933138075797),0.12903225806451613
199,0,POINT (-93.26410540075153 44.9915796816673),0.06451612903225806
199,1,POINT (-93.26410540075153 44.9938279825766),1.2580645161290323
199,2,POINT (-93.26093207358772 44.9915796816673),0.22580645161290322
199,3,POINT (-93.26093207358772 44.9938279825766),0.4838709677419355
200,0,POINT (-93.26410540075153 44.99607628348592),0.32258064516129026
200,1,POINT (-93.26410540075153 44.99832458439523),1.032258064516129
200,2,POINT (-93.26093207358772 44.99607628348592),0.16129032258064516
200,3,POINT (-93.26093207358772 44.99832458439523),1.032258064516129
201,0,POINT (-93.26410540075153 45.00057288530454),1.2580645161290323
201,1,POINT (-93.26410540075153 45.00282118621385),0.25806451612903225
201,2,POINT (-93.26093207358772 45.00057288530454),0.903225806451613
201,3,POINT (-93.26093207358772 45.00282118621385),3.096774193548387
202,0,POINT (-93.26410540075153 45.00506948712316),0.0
202,1,POINT (-93.26410540075153 45.00731778803247),0.0967741935483871
202,2,POINT (-93.26093207358772 45.00506948712316),0.06451612903225806
202,3,POINT (-93.26093207358772 45.00731778803247),0.3225806451612903
203,0,POINT (-93.26410540075153 45.00956608894178),0.25806451612903225
203,1,POINT (-93.26410540075153 45.0118143898511),0.41935483870967744
203,2,POINT (-93.26093207358772 45.00956608894178),1.3548387096774193
203,3,POINT (-93.26093207358772 45.0118143898511),0.7096774193548387
204,0,POINT (-93.26410540075153 45.01406269076041),1.032258064516129
204,1,POINT (-93.26410540075153 45.01631099166972),0.0
204,2,POINT (-93.26093207358772 45.01406269076041),0.967741935483871
204,3,POINT (-93.26093207358772 45.01631099166972),0.0
205,0,POINT (-93.25775874642395 44.91963405256933),0.0
205,1,POINT (-93.25775874642395 44.92188235347863),0.0
205,2,POINT (-93.25458541926015 44.91963405256933),0.12903225806451613
205,3,POINT (-93.25458541926015 44.92188235347863),0.0
206,0,POINT (-93.25775874642395 44.92413065438795),0.0
206,1,POINT (-93.25775874642395 44.92637895529726),0.0
206,2,POINT (-93.25458541926015 44.92413065438795),0.0
206,3,POINT (-93.25458541926015 44.92637895529726),0.03225806451612903
207,0,POINT (-93.25775874642395 44.92862725620657),0.1935483870967742
207,1,POINT (-93.25775874642395 44.93087555711588),0.0
207,2,POINT (-93.25458541926015 44.92862725620657),0.12903225806451613
207,3,POINT (-93.25458541926015 44.93087555711588),0.0
208,0,POINT (-93.25775874642395 44.9331238580252),0.12903225806451613
208,1,POINT (-93.25775874642395 44.9353721589345),0.0
208,2,POINT (-93.25458541926015 44.9331238580252),0.22580645161290322
208,3,POINT (-93.25458541926015 44.9353721589345),0.0
209,0,POINT (-93.25775874642395 44.93762045984381),0.1935483870967742
209,1,POINT (-93.25775874642395 44.93986876075313),0.29032258064516125
209,2,POINT (-93.25458541926015 44.93762045984381),0.0
209,3,POINT (-93.25458541926015 44.93986876075313),0.7741935483870968
210,0,POINT (-93.25775874642395 44.94211706166244),0.0
210,1,POINT (-93.25775874642395 44.94436536257175),0.0
210,2,POINT (-93.25458541926015 44.94211706166244),2.225806451612903
210,3,POINT (-93.25458541926015 44.94436536257175),1.2580645161290323
211,0,POINT (-93.25775874642395 44.94661366348106),2.096774193548387
211,1,POINT (-93.25775874642395 44.94886196439037),1.5806451612903225
211,2,POINT (-93.25458541926015 44.94661366348106),1.7096774193548385
211,3,POINT (-93.25458541926015 44.94886196439037),2.129032258064516
212,0,POINT (-93.25775874642395 44.95111026529968),0.45161290322580644
212,1,POINT (-93.25775874642395 44.95335856620899),1.4516129032258065
212,2,POINT (-93.25458541926015 44.95111026529968),2.354838709677419
212,3,POINT (-93.25458541926015 44.95335856620899),0.6129032258064516
213,0,POINT (-93.25775874642395 44.95560686711831),1.032258064516129
213,1,POINT (-93.25775874642395 44.95785516802761),0.7419354838709677
213,2,POINT (-93.25458541926015 44.95560686711831),0.7096774193548387
213,3,POINT (-93.25458541926015 44.95785516802761),0.7096774193548387
214,0,POINT (-93.25775874642395 44.96010346893694),0.3548387096774194
214,1,POINT (-93.25775874642395 44.96235176984624),3.225806451612903
214,2,POINT (-93.25458541926015 44.96010346893694),1.129032258064516
214,3,POINT (-93.2553787510511 44.96291384507357),5.451612903225806
215,0,POINT (-93.25775874642395 44.96460007075555),0.8709677419354838
215,1,POINT (-93.25775874642395 44.96684837166487),0.03225806451612903
215,2,POINT (-93.25458541926015 44.96460007075555),0.0
215,3,POINT (-93.25458541926015 44.96684837166487),0.0
216,0,POINT (-93.25775874642395 44.96909667257417),4.032258064516129
216,1,POINT (-93.25775874642395 44.97134497348349),2.161290322580645
216,2,POINT (-93.25458541926015 44.96909667257417),0.0
216,3,POINT (-93.25458541926015 44.97134497348349),0.7419354838709677
217,0,POINT (-93.25775874642395 44.9735932743928),0.06451612903225806
217,1,POINT (-93.256965414633 44.97640365052944),6.741935483870968
217,2,POINT (-93.25458541926015 44.9735932743928),0.5161290322580645
217,3,POINT (-93.25458541926015 44.97584157530211),13.322580645161292
218,0,POINT (-93.25775874642395 44.97808987621143),32.64516129032258
218,1,POINT (-93.2585520782149 44.97977610189341),11.838709677419356
218,2,POINT (-93.2553787510511 44.97752780098409),15.70967741935484
218,3,POINT (-93.25458541926015 44.98033817712074),0.0
219,0,POINT (-93.25775874642395 44.98258647803005),0.0
219,1,POINT (-93.25775874642395 44.98483477893936),0.0967741935483871
219,2,POINT (-93.25458541926015 44.98258647803005),3.3225806451612905
219,3,POINT (-93.25379208746921 44.98539685416669),5.935483870967742
220,0,POINT (-93.25775874642395 44.98708307984867),15.580645161290324
220,1,POINT (-93.25775874642395 44.98933138075797),5.741935483870968
220,2,POINT (-93.25458541926015 44.98708307984867),6.516129032258064
220,3,POINT (-93.25458541926015 44.98933138075797),16.903225806451612
221,0,POINT (-93.25775874642395 44.9915796816673),0.29032258064516125
221,1,POINT (-93.25775874642395 44.9938279825766),0.03225806451612903
221,2,POINT (-93.25458541926015 44.9915796816673),1.2580645161290323
221,3,POINT (-93.25458541926015 44.9938279825766),0.03225806451612903
222,0,POINT (-93.25775874642395 44.99607628348592),0.3548387096774194
222,1,POINT (-93.25775874642395 44.99832458439523),0.06451612903225806
222,2,POINT (-93.25458541926015 44.99607628348592),1.2258064516129032
222,3,POINT (-93.25458541926015 44.99832458439523),1.096774193548387
223,0,POINT (-93.25775874642395 45.00057288530454),0.3870967741935484
223,1,POINT (-93.25775874642395 45.00282118621385),0.0967741935483871
223,2,POINT (-93.25458541926015 45.00057288530454),0.0
223,3,POINT (-93.25458541926015 45.00282118621385),0.0
224,0,POINT (-93.25775874642395 45.00506948712316),0.1935483870967742
224,1,POINT (-93.25775874642395 45.00731778803247),0.0
224,2,POINT (-93.25458541926015 45.00506948712316),0.41935483870967744
224,3,POINT (-93.25458541926015 45.00731778803247),0.0
225,0,POINT (-93.25775874642395 45.00956608894178),0.03225806451612903
225,1,POINT (-93.25775874642395 45.0118143898511),0.25806451612903225
225,2,POINT (-93.25458541926015 45.00956608894178),0.03225806451612903
225,3,POINT (-93.25458541926015 45.0118143898511),0.29032258064516125
226,0,POINT (-93.25775874642395 45.01406269076041),0.16129032258064516
226,1,POINT (-93.25775874642395 45.01631099166972),0.03225806451612903
226,2,POINT (-93.25458541926015 45.01406269076041),0.16129032258064516
226,3,POINT (-93.25458541926015 45.01631099166972),0.0
227,0,POINT (-93.25141209209637 44.91513745075071),0.0
227,1,POINT (-93.25141209209637 44.91738575166001),0.0
227,2,POINT (-93.24823876493255 44.91513745075071),0.0
227,3,POINT (-93.24823876493255 44.91738575166001),0.3870967741935484
228,0,POINT (-93.25141209209637 44.91963405256933),0.0
228,1,POINT (-93.25141209209637 44.92188235347863),0.0
228,2,POINT (-93.24823876493255 44.91963405256933),0.5483870967741935
228,3,POINT (-93.24823876493255 44.92188235347863),0.0
229,0,POINT (-93.25141209209637 44.92413065438795),0.0
229,1,POINT (-93.25141209209637 44.92637895529726),0.0
229,2,POINT (-93.24823876493255 44.92413065438795),0.0
229,3,POINT (-93.24823876493255 44.92637895529726),0.06451612903225806
230,0,POINT (-93.25141209209637 44.9331238580252),0.06451612903225806
230,1,POINT (-93.25141209209637 44.9353721589345),0.0
230,2,POINT (-93.24823876493255 44.9331238580252),0.0
230,3,POINT (-93.24823876493255 44.9353721589345),0.25806451612903225
231,0,POINT (-93.25141209209637 44.93762045984381),0.06451612903225806
231,1,POINT (-93.25141209209637 44.93986876075313),0.3870967741935484
231,2,POINT (-93.24823876493255 44.93762045984381),0.7419354838709677
231,3,POINT (-93.24823876493255 44.93986876075313),0.3870967741935484
232,0,POINT (-93.25141209209637 44.94211706166244),0.0967741935483871
232,1,POINT (-93.25141209209637 44.94436536257175),0.25806451612903225
232,2,POINT (-93.24823876493255 44.94211706166244),0.3225806451612903
232,3,POINT (-93.24823876493255 44.94436536257175),0.0
233,0,POINT (-93.25141209209637 44.94661366348106),1.7741935483870968
233,1,POINT (-93.25141209209637 44.94886196439037),1.6129032258064517
233,2,POINT (-93.24823876493255 44.94661366348106),1.6129032258064517
233,3,POINT (-93.24823876493255 44.94886196439037),1.4838709677419355
234,0,POINT (-93.25141209209637 44.95111026529968),1.032258064516129
234,1,POINT (-93.25141209209637 44.95335856620899),1.870967741935484
234,2,POINT (-93.24823876493255 44.95111026529968),0.5806451612903226
234,3,POINT (-93.24823876493255 44.95335856620899),0.6129032258064516
235,0,POINT (-93.25141209209637 44.95560686711831),1.5161290322580647
235,1,POINT (-93.25141209209637 44.95785516802761),0.1935483870967742
235,2,POINT (-93.24823876493255 44.95560686711831),3.516129032258065
235,3,POINT (-93.24744543314161 44.95729309280029),8.709677419354838
236,0,POINT (-93.25141209209637 44.96010346893694),1.7741935483870968
236,1,POINT (-93.25141209209637 44.96235176984624),4.35483870967742
236,2,POINT (-93.24823876493255 44.96010346893694),3.7419354838709675
236,3,POINT (-93.24744543314161 44.96178969461891),7.064516129032258
237,0,POINT (-93.25141209209637 44.96460007075555),0.6774193548387097
237,1,POINT (-93.25141209209637 44.96684837166487),0.0967741935483871
237,2,POINT (-93.24823876493255 44.96460007075555),0.1935483870967742
237,3,POINT (-93.24823876493255 44.96684837166487),0.8709677419354839
238,0,POINT (-93.2506187603054 44.9696587478015),6.548387096774194
238,1,POINT (-93.25141209209637 44.97134497348349),0.0
238,2,POINT (-93.24744543314161 44.96853459734685),7.64516129032258
238,3,POINT (-93.24823876493255 44.97134497348349),2.6451612903225805
239,0,POINT (-93.25141209209637 44.9735932743928),3.612903225806452
239,1,POINT (-93.25141209209637 44.97584157530211),4.483870967741936
239,2,POINT (-93.24744543314161 44.97303119916546),17.096774193548388
239,3,POINT (-93.24823876493255 44.97584157530211),1.3225806451612903
240,0,POINT (-93.25141209209637 44.97808987621143),1.2903225806451615
240,1,POINT (-93.25141209209637 44.98033817712074),0.0
240,2,POINT (-93.24823876493255 44.97808987621143),0.06451612903225806
240,3,POINT (-93.24823876493255 44.98033817712074),0.3870967741935484
241,0,POINT (-93.25141209209637 44.98258647803005),1.6451612903225807
241,1,POINT (-93.25220542388733 44.98539685416669),7.612903225806452
241,2,POINT (-93.2490320967235 44.98202440280271),23.451612903225804
241,3,POINT (-93.24744543314161 44.98427270371202),6.838709677419354
242,0,POINT (-93.25141209209637 44.98708307984867),1.032258064516129
242,1,POINT (-93.25141209209637 44.98933138075797),4.32258064516129
242,2,POINT (-93.24823876493255 44.98708307984867),2.5161290322580645
242,3,POINT (-93.24823876493255 44.98933138075797),1.4516129032258065
243,0,POINT (-93.25141209209637 44.9915796816673),2.6451612903225805
243,1,POINT (-93.25141209209637 44.9938279825766),2.4516129032258065
243,2,POINT (-93.24823876493255 44.9915796816673),1.0
243,3,POINT (-93.24823876493255 44.9938279825766),0.41935483870967744
244,0,POINT (-93.25141209209637 44.99607628348592),0.7741935483870968
244,1,POINT (-93.25141209209637 44.99832458439523),3.032258064516129
244,2,POINT (-93.24823876493255 44.99607628348592),1.7419354838709675
244,3,POINT (-93.24823876493255 44.99832458439523),0.7419354838709677
245,0,POINT (-93.25141209209637 45.00057288530454),0.6451612903225806
245,1,POINT (-93.25141209209637 45.00282118621385),4.516129032258065
245,2,POINT (-93.24823876493255 45.00057288530454),0.29032258064516125
245,3,POINT (-93.24823876493255 45.00282118621385),0.935483870967742
246,0,POINT (-93.25141209209637 45.00506948712316),0.06451612903225806
246,1,POINT (-93.25141209209637 45.00731778803247),0.03225806451612903
246,2,POINT (-93.24823876493255 45.00506948712316),0.6129032258064516
246,3,POINT (-93.24823876493255 45.00731778803247),0.8387096774193548
247,0,POINT (-93.25141209209637 45.00956608894178),0.0967741935483871
247,1,POINT (-93.25141209209637 45.0118143898511),0.45161290322580644
247,2,POINT (-93.24823876493255 45.00956608894178),0.6129032258064516
247,3,POINT (-93.24823876493255 45.0118143898511),0.967741935483871
248,0,POINT (-93.25141209209637 45.01406269076041),0.29032258064516125
248,1,POINT (-93.25141209209637 45.01631099166972),0.0
248,2,POINT (-93.24823876493255 45.01406269076041),0.8387096774193548
248,3,POINT (-93.24823876493255 45.01631099166972),0.12903225806451613
249,0,POINT (-93.25141209209637 45.01855929257903),0.0
249,1,POINT (-93.25141209209637 45.02080759348834),0.0
249,2,POINT (-93.24823876493255 45.01855929257903),0.03225806451612903
249,3,POINT (-93.24823876493255 45.02080759348834),0.0967741935483871
250,0,POINT (-93.25141209209637 45.02755249621628),0.0
250,1,POINT (-93.25141209209637 45.02980079712558),0.0
250,2,POINT (-93.24823876493255 45.02755249621628),0.0
250,3,POINT (-93.24823876493255 45.02980079712558),0.06451612903225806
251,0,POINT (-93.25141209209637 45.03654569985352),0.0
251,1,POINT (-93.25141209209637 45.03879400076283),0.0
251,2,POINT (-93.24823876493255 45.03654569985352),0.22580645161290322
251,3,POINT (-93.24823876493255 45.03879400076283),0.0
252,0,POINT (-93.24506543776877 44.91513745075071),0.0
252,1,POINT (-93.24506543776877 44.91738575166001),0.06451612903225806
252,2,POINT (-93.24189211060498 44.91513745075071),0.0
252,3,POINT (-93.24189211060498 44.91738575166001),0.0
253,0,POINT (-93.24506543776877 44.91963405256933),0.03225806451612903
253,1,POINT (-93.24506543776877 44.92188235347863),0.0
253,2,POINT (-93.24189211060498 44.91963405256933),0.0
253,3,POINT (-93.24189211060498 44.92188235347863),0.0
254,0,POINT (-93.24506543776877 44.92862725620657),0.0
254,1,POINT (-93.24506543776877 44.93087555711588),0.03225806451612903
254,2,POINT (-93.24189211060498 44.92862725620657),0.0
254,3,POINT (-93.24189211060498 44.93087555711588),0.0
255,0,POINT (-93.24506543776877 44.9331238580252),0.0
255,1,POINT (-93.24506543776877 44.9353721589345),0.0
255,2,POINT (-93.24189211060498 44.9331238580252),0.03225806451612903
255,3,POINT (-93.24189211060498 44.9353721589345),0.0
256,0,POINT (-93.24506543776877 44.93762045984381),0.0
256,1,POINT (-93.24506543776877 44.93986876075313),0.0
256,2,POINT (-93.24189211060498 44.93762045984381),0.0967741935483871
256,3,POINT (-93.24189211060498 44.93986876075313),0.12903225806451613
257,0,POINT (-93.24506543776877 44.94211706166244),0.06451612903225806
257,1,POINT (-93.24506543776877 44.94436536257175),0.0
257,2,POINT (-93.24189211060498 44.94211706166244),0.0
257,3,POINT (-93.24189211060498 44.94436536257175),0.2903225806451613
258,0,POINT (-93.24506543776877 44.94661366348106),0.06451612903225806
258,1,POINT (-93.24506543776877 44.94886196439037),0.3225806451612903
258,2,POINT (-93.24189211060498 44.94661366348106),1.193548387096774
258,3,POINT (-93.24189211060498 44.94886196439037),2.225806451612903
259,0,POINT (-93.24506543776877 44.95111026529968),0.3870967741935484
259,1,POINT (-93.24506543776877 44.95335856620899),0.16129032258064516
259,2,POINT (-93.24189211060498 44.95111026529968),1.6451612903225807
259,3,POINT (-93.24189211060498 44.95335856620899),0.0
260,0,POINT (-93.24506543776877 44.95560686711831),2.096774193548387
260,1,POINT (-93.24506543776877 44.95785516802761),4.290322580645161
260,2,POINT (-93.24189211060498 44.95560686711831),0.03225806451612903
260,3,POINT (-93.24189211060498 44.95785516802761),0.25806451612903225
261,0,POINT (-93.24506543776877 44.96010346893694),1.838709677419355
261,1,POINT (-93.24506543776877 44.96235176984624),1.2580645161290323
261,2,POINT (-93.24189211060498 44.96010346893694),0.3870967741935483
261,3,POINT (-93.24189211060498 44.96235176984624),3.5483870967741935
262,0,POINT (-93.24506543776877 44.96460007075555),0.1935483870967742
262,1,POINT (-93.24506543776877 44.96684837166487),2.3870967741935485
262,2,POINT (-93.24189211060498 44.96460007075555),1.774193548387097
262,3,POINT (-93.24189211060498 44.96684837166487),4.35483870967742
263,0,POINT (-93.24506543776877 44.96909667257417),5.935483870967742
263,1,POINT (-93.24506543776877 44.97134497348349),2.096774193548387
263,2,POINT (-93.24189211060498 44.96909667257417),3.806451612903226
263,3,POINT (-93.24189211060498 44.97134497348349),0.0
264,0,POINT (-93.24585876955973 44.97303119916546),7.225806451612904
264,1,POINT (-93.24506543776877 44.97584157530211),1.096774193548387
264,2,POINT (-93.24189211060498 44.9735932743928),1.161290322580645
264,3,POINT (-93.24189211060498 44.97584157530211),0.22580645161290322
265,0,POINT (-93.24506543776877 44.97808987621143),0.0
265,1,POINT (-93.24506543776877 44.98033817712074),0.5161290322580645
265,2,POINT (-93.24189211060498 44.97808987621143),0.0
265,3,POINT (-93.24189211060498 44.98033817712074),3.064516129032258
266,0,POINT (-93.24427210597783 44.98314855325737),8.96774193548387
266,1,POINT (-93.24506543776877 44.98483477893936),4.258064516129032
266,2,POINT (-93.24109877881402 44.98202440280272),7.709677419354839
266,3,POINT (-93.24189211060498 44.98483477893936),0.8709677419354839
267,0,POINT (-93.24506543776877 44.98708307984867),2.870967741935484
267,1,POINT (-93.24506543776877 44.98933138075797),0.8387096774193549
267,2,POINT (-93.24189211060498 44.98708307984867),2.903225806451613
267,3,POINT (-93.24189211060498 44.98933138075797),1.870967741935484
268,0,POINT (-93.24506543776877 44.9915796816673),1.4838709677419355
268,1,POINT (-93.24506543776877 44.9938279825766),0.0
268,2,POINT (-93.24189211060498 44.9915796816673),0.03225806451612903
268,3,POINT (-93.24189211060498 44.9938279825766),0.22580645161290322
269,0,POINT (-93.24506543776877 44.99607628348592),0.1935483870967742
269,1,POINT (-93.24506543776877 44.99832458439523),0.0
269,2,POINT (-93.24189211060498 44.99607628348592),0.8709677419354839
269,3,POINT (-93.24189211060498 44.99832458439523),0.3225806451612903
270,0,POINT (-93.24506543776877 45.00057288530454),2.2903225806451615
270,1,POINT (-93.24506543776877 45.00282118621385),0.0
270,2,POINT (-93.24189211060498 45.00057288530454),0.0
270,3,POINT (-93.24189211060498 45.00282118621385),0.03225806451612903
271,0,POINT (-93.24506543776877 45.00506948712316),1.064516129032258
271,1,POINT (-93.24506543776877 45.00731778803247),0.16129032258064516
271,2,POINT (-93.24189211060498 45.00506948712316),0.0
271,3,POINT (-93.24189211060498 45.00731778803247),0.25806451612903225
272,0,POINT (-93.24506543776877 45.00956608894178),0.16129032258064516
272,1,POINT (-93.24506543776877 45.0118143898511),0.16129032258064516
272,2,POINT (-93.24189211060498 45.00956608894178),0.0
272,3,POINT (-93.24189211060498 45.0118143898511),0.12903225806451613
273,0,POINT (-93.24506543776877 45.01406269076041),0.16129032258064516
273,1,POINT (-93.24506543776877 45.01631099166972),0.0967741935483871
273,2,POINT (-93.24189211060498 45.01406269076041),0.16129032258064516
273,3,POINT (-93.24189211060498 45.01631099166972),0.0
274,0,POINT (-93.24506543776877 45.01855929257903),0.16129032258064516
274,1,POINT (-93.24506543776877 45.02080759348834),0.0
274,2,POINT (-93.24189211060498 45.01855929257903),0.0
274,3,POINT (-93.24189211060498 45.02080759348834),0.0
275,0,POINT (-93.24506543776877 45.02305589439765),0.16129032258064516
275,1,POINT (-93.24506543776877 45.02530419530696),0.0
275,2,POINT (-93.24189211060498 45.02305589439765),0.0
275,3,POINT (-93.24189211060498 45.02530419530696),0.0
276,0,POINT (-93.2387187834412 44.92413065438795),0.0
276,1,POINT (-93.2387187834412 44.92637895529726),0.0
276,2,POINT (-93.23554545627739 44.92413065438795),0.0
276,3,POINT (-93.23554545627739 44.92637895529726),0.03225806451612903
277,0,POINT (-93.2387187834412 44.92862725620657),0.0
277,1,POINT (-93.2387187834412 44.93087555711588),0.0
277,2,POINT (-93.23554545627739 44.92862725620657),0.03225806451612903
277,3,POINT (-93.23554545627739 44.93087555711588),0.0
278,0,POINT (-93.2387187834412 44.9331238580252),0.0967741935483871
278,1,POINT (-93.2387187834412 44.9353721589345),0.03225806451612903
278,2,POINT (-93.23554545627739 44.9331238580252),0.0
278,3,POINT (-93.23554545627739 44.9353721589345),0.0
279,0,POINT (-93.2387187834412 44.93762045984381),0.06451612903225806
279,1,POINT (-93.2387187834412 44.93986876075313),0.03225806451612903
279,2,POINT (-93.23554545627739 44.93762045984381),0.06451612903225806
279,3,POINT (-93.23554545627739 44.93986876075313),0.2903225806451613
280,0,POINT (-93.2387187834412 44.94211706166244),0.1935483870967742
280,1,POINT (-93.2387187834412 44.94436536257175),0.0967741935483871
280,2,POINT (-93.23554545627739 44.94211706166244),0.0
280,3,POINT (-93.23554545627739 44.94436536257175),0.0
281,0,POINT (-93.2387187834412 44.94661366348106),1.2903225806451613
281,1,POINT (-93.2387187834412 44.94886196439037),3.6129032258064515
281,2,POINT (-93.23554545627739 44.94661366348106),0.0
281,3,POINT (-93.23554545627739 44.94886196439037),4.193548387096774
282,0,POINT (-93.2387187834412 44.95111026529968),0.0
282,1,POINT (-93.2387187834412 44.95335856620899),0.0
282,2,POINT (-93.23554545627739 44.95111026529968),1.903225806451613
282,3,POINT (-93.23554545627739 44.95335856620899),2.3548387096774195
283,0,POINT (-93.2387187834412 44.95560686711831),0.4516129032258065
283,1,POINT (-93.2387187834412 44.95785516802761),0.0
283,2,POINT (-93.23554545627739 44.95560686711831),0.8064516129032258
283,3,POINT (-93.23554545627739 44.95785516802761),0.6774193548387096
284,0,POINT (-93.2387187834412 44.96010346893694),0.12903225806451613
284,1,POINT (-93.2387187834412 44.96235176984624),1.096774193548387
284,2,POINT (-93.23554545627739 44.96010346893694),0.06451612903225806
284,3,POINT (-93.23554545627739 44.96235176984624),2.3870967741935485
285,0,POINT (-93.2387187834412 44.96460007075555),1.161290322580645
285,1,POINT (-93.2387187834412 44.96684837166487),0.9032258064516129
285,2,POINT (-93.23554545627739 44.96460007075555),2.193548387096774
285,3,POINT (-93.23554545627739 44.96684837166487),1.4838709677419355
286,0,POINT (-93.2387187834412 44.96909667257417),0.0
286,1,POINT (-93.2387187834412 44.97134497348349),0.16129032258064516
286,2,POINT (-93.23554545627739 44.96909667257417),0.0
286,3,POINT (-93.23554545627739 44.97134497348349),0.0
287,0,POINT (-93.2387187834412 44.9735932743928),0.12903225806451613
287,1,POINT (-93.2387187834412 44.97584157530211),0.1935483870967742
287,2,POINT (-93.23554545627739 44.9735932743928),9.193548387096774
287,3,POINT (-93.23554545627739 44.97584157530211),1.8387096774193548
288,0,POINT (-93.2387187834412 44.97808987621143),0.0
288,1,POINT (-93.2387187834412 44.98033817712074),9.838709677419356
288,2,POINT (-93.23633878806834 44.97865195143875),11.548387096774194
288,3,POINT (-93.23554545627739 44.98033817712074),33.516129032258064
289,0,POINT (-93.2387187834412 44.98258647803005),3.903225806451613
289,1,POINT (-93.2387187834412 44.98483477893936),3.0
289,2,POINT (-93.23633878806834 44.98202440280271),33.516129032258064
289,3,POINT (-93.23633878806834 44.98539685416669),5.64516129032258
290,0,POINT (-93.2387187834412 44.98708307984867),4.483870967741935
290,1,POINT (-93.2387187834412 44.98933138075797),0.0
290,2,POINT (-93.23554545627739 44.98708307984867),2.032258064516129
290,3,POINT (-93.23554545627739 44.98933138075797),0.06451612903225806
291,0,POINT (-93.2387187834412 44.9915796816673),0.0
291,1,POINT (-93.2387187834412 44.9938279825766),0.0
291,2,POINT (-93.23554545627739 44.9915796816673),0.4193548387096774
291,3,POINT (-93.23554545627739 44.9938279825766),0.0
292,0,POINT (-93.2387187834412 44.99607628348592),0.0
292,1,POINT (-93.2387187834412 44.99832458439523),0.0
292,2,POINT (-93.23554545627739 44.99607628348592),0.0
292,3,POINT (-93.23554545627739 44.99832458439523),0.03225806451612903
293,0,POINT (-93.2387187834412 45.00057288530454),0.0
293,1,POINT (-93.2387187834412 45.00282118621385),0.0
293,2,POINT (-93.23554545627739 45.00057288530454),0.0
293,3,POINT (-93.23554545627739 45.00282118621385),0.03225806451612903
294,0,POINT (-93.2387187834412 45.00506948712316),0.32258064516129037
294,1,POINT (-93.2387187834412 45.00731778803247),0.0
294,2,POINT (-93.23554545627739 45.00506948712316),0.06451612903225806
294,3,POINT (-93.23554545627739 45.00731778803247),0.16129032258064516
295,0,POINT (-93.2387187834412 45.00956608894178),0.25806451612903225
295,1,POINT (-93.2387187834412 45.0118143898511),0.0
295,2,POINT (-93.23554545627739 45.00956608894178),0.03225806451612903
295,3,POINT (-93.23554545627739 45.0118143898511),0.0
296,0,POINT (-93.2387187834412 45.01406269076041),0.12903225806451613
296,1,POINT (-93.2387187834412 45.01631099166972),0.12903225806451613
296,2,POINT (-93.23554545627739 45.01406269076041),0.0
296,3,POINT (-93.23554545627739 45.01631099166972),0.0
297,0,POINT (-93.2387187834412 45.01855929257903),0.0
297,1,POINT (-93.2387187834412 45.02080759348834),0.0
297,2,POINT (-93.23554545627739 45.01855929257903),0.06451612903225806
297,3,POINT (-93.23554545627739 45.02080759348834),0.3870967741935484
298,0,POINT (-93.23237212911361 44.92413065438795),0.0
298,1,POINT (-93.23237212911361 44.92637895529726),0.0
298,2,POINT (-93.22919880194981 44.92413065438795),0.0
298,3,POINT (-93.22919880194981 44.92637895529726),0.03225806451612903
299,0,POINT (-93.23237212911361 44.92862725620657),0.0967741935483871
299,1,POINT (-93.23237212911361 44.93087555711588),0.0
299,2,POINT (-93.22919880194981 44.92862725620657),0.0
299,3,POINT (-93.22919880194981 44.93087555711588),0.0
300,0,POINT (-93.23237212911361 44.9331238580252),0.0
300,1,POINT (-93.23237212911361 44.9353721589345),0.25806451612903225
300,2,POINT (-93.22919880194981 44.9331238580252),0.2903225806451613
300,3,POINT (-93.22919880194981 44.9353721589345),0.0
301,0,POINT (-93.23237212911361 44.94211706166244),0.0
301,1,POINT (-93.23237212911361 44.94436536257175),0.16129032258064516
301,2,POINT (-93.22919880194981 44.94211706166244),0.3548387096774194
301,3,POINT (-93.22919880194981 44.94436536257175),0.03225806451612903
302,0,POINT (-93.23237212911361 44.94661366348106),0.29032258064516125
302,1,POINT (-93.23237212911361 44.94886196439037),1.096774193548387
302,2,POINT (-93.22919880194981 44.94661366348106),0.22580645161290322
302,3,POINT (-93.22919880194981 44.94886196439037),0.03225806451612903
303,0,POINT (-93.23237212911361 44.95111026529968),1.129032258064516
303,1,POINT (-93.23237212911361 44.95335856620899),0.0
303,2,POINT (-93.22919880194981 44.95111026529968),0.03225806451612903
303,3,POINT (-93.22919880194981 44.95335856620899),0.0
304,0,POINT (-93.23237212911361 44.95560686711831),0.03225806451612903
304,1,POINT (-93.23237212911361 44.95785516802761),0.12903225806451613
304,2,POINT (-93.22919880194981 44.95560686711831),0.0
304,3,POINT (-93.22919880194981 44.95785516802761),0.0
305,0,POINT (-93.23237212911361 44.96010346893694),0.3225806451612903
305,1,POINT (-93.23237212911361 44.96235176984624),2.4838709677419355
305,2,POINT (-93.22919880194981 44.96010346893694),0.16129032258064516
305,3,POINT (-93.22919880194981 44.96235176984624),0.8387096774193549
306,0,POINT (-93.23237212911361 44.96460007075555),0.1935483870967742
306,1,POINT (-93.23237212911361 44.96684837166487),0.6451612903225806
306,2,POINT (-93.22919880194981 44.96460007075555),1.096774193548387
306,3,POINT (-93.22919880194981 44.96684837166487),0.0
307,0,POINT (-93.23237212911361 44.96909667257417),0.0
307,1,POINT (-93.23237212911361 44.97134497348349),3.5161290322580645
307,2,POINT (-93.22919880194981 44.96909667257417),0.0
307,3,POINT (-93.22999213374072 44.97190704871082),8.838709677419354
308,0,POINT (-93.23237212911361 44.9735932743928),8.870967741935484
308,1,POINT (-93.23237212911361 44.97584157530211),5.129032258064516
308,2,POINT (-93.22919880194981 44.9735932743928),33.41935483870968
308,3,POINT (-93.22999213374072 44.97527950007479),9.129032258064516
309,0,POINT (-93.23157879732267 44.97865195143874),11.064516129032258
309,1,POINT (-93.23237212911361 44.98033817712074),3.5483870967741935
309,2,POINT (-93.22919880194981 44.97808987621143),3.387096774193548
309,3,POINT (-93.22919880194981 44.98033817712074),0.03225806451612903
310,0,POINT (-93.23316546090456 44.98202440280271),7.483870967741936
310,1,POINT (-93.23237212911361 44.98483477893936),3.032258064516129
310,2,POINT (-93.22919880194981 44.98258647803005),3.4838709677419355
310,3,POINT (-93.22919880194981 44.98483477893936),2.774193548387097
311,0,POINT (-93.23237212911361 44.98708307984867),1.4193548387096773
311,1,POINT (-93.23237212911361 44.98933138075797),0.3870967741935484
311,2,POINT (-93.22919880194981 44.98708307984867),5.64516129032258
311,3,POINT (-93.22919880194981 44.98933138075797),0.7419354838709677
312,0,POINT (-93.23237212911361 44.9915796816673),0.8387096774193549
312,1,POINT (-93.23237212911361 44.9938279825766),0.12903225806451613
312,2,POINT (-93.22919880194981 44.9915796816673),0.3225806451612903
312,3,POINT (-93.22919880194981 44.9938279825766),0.0
313,0,POINT (-93.23237212911361 44.99607628348592),0.0
313,1,POINT (-93.23237212911361 44.99832458439523),0.0
313,2,POINT (-93.22919880194981 44.99607628348592),0.41935483870967744
313,3,POINT (-93.22919880194981 44.99832458439523),0.0
314,0,POINT (-93.23237212911361 45.00506948712316),1.1612903225806452
314,1,POINT (-93.23237212911361 45.00731778803247),0.0
314,2,POINT (-93.22919880194981 45.00506948712316),1.096774193548387
314,3,POINT (-93.22919880194981 45.00731778803247),0.0
315,0,POINT (-93.23237212911361 45.0320490980349),0.0
315,1,POINT (-93.23237212911361 45.03429739894421),0.06451612903225806
315,2,POINT (-93.22919880194981 45.0320490980349),0.0
315,3,POINT (-93.22919880194981 45.03429739894421),0.0
316,0,POINT (-93.22602547478601 44.89715104347621),0.0
316,1,POINT (-93.22602547478601 44.89939934438552),0.0
316,2,POINT (-93.22285214762222 44.89715104347621),0.0
316,3,POINT (-93.22285214762222 44.89939934438552),0.06451612903225806
317,0,POINT (-93.22602547478601 44.92862725620657),0.0
317,1,POINT (-93.22602547478601 44.93087555711588),0.0
317,2,POINT (-93.22285214762222 44.92862725620657),0.06451612903225806
317,3,POINT (-93.22285214762222 44.93087555711588),0.0
318,0,POINT (-93.22602547478601 44.9331238580252),0.16129032258064516
318,1,POINT (-93.22602547478601 44.9353721589345),0.0967741935483871
318,2,POINT (-93.22285214762222 44.9331238580252),0.1935483870967742
318,3,POINT (-93.22285214762222 44.9353721589345),0.0
319,0,POINT (-93.22602547478601 44.93762045984381),0.0967741935483871
319,1,POINT (-93.22602547478601 44.93986876075313),0.03225806451612903
319,2,POINT (-93.22285214762222 44.93762045984381),0.0
319,3,POINT (-93.22285214762222 44.93986876075313),0.3225806451612903
320,0,POINT (-93.22602547478601 44.94661366348106),0.3225806451612903
320,1,POINT (-93.22602547478601 44.94886196439037),0.5161290322580645
320,2,POINT (-93.22285214762222 44.94661366348106),0.12903225806451613
320,3,POINT (-93.22285214762222 44.94886196439037),0.2903225806451613
321,0,POINT (-93.22602547478601 44.95111026529968),0.3548387096774194
321,1,POINT (-93.22602547478601 44.95335856620899),0.0
321,2,POINT (-93.22285214762222 44.95111026529968),0.0
321,3,POINT (-93.22285214762222 44.95335856620899),0.0
322,0,POINT (-93.22602547478601 44.95560686711831),0.0967741935483871
322,1,POINT (-93.22602547478601 44.95785516802761),0.0
322,2,POINT (-93.22285214762222 44.95560686711831),0.0
322,3,POINT (-93.22285214762222 44.95785516802761),0.0
323,0,POINT (-93.22602547478601 44.96010346893694),0.0
323,1,POINT (-93.22602547478601 44.96235176984624),0.0967741935483871
323,2,POINT (-93.22285214762222 44.96010346893694),0.0
323,3,POINT (-93.22285214762222 44.96235176984624),0.0
324,0,POINT (-93.22602547478601 44.96909667257417),0.8064516129032258
324,1,POINT (-93.22602547478601 44.97134497348349),2.5483870967741935
324,2,POINT (-93.22285214762222 44.96909667257417),1.5161290322580645
324,3,POINT (-93.22285214762222 44.97134497348349),4.483870967741935
325,0,POINT (-93.22602547478601 44.9735932743928),13.612903225806452
325,1,POINT (-93.22602547478601 44.97584157530211),4.387096774193548
325,2,POINT (-93.22364547941316 44.97415534962012),8.35483870967742
325,3,POINT (-93.22285214762222 44.97584157530211),1.903225806451613
326,0,POINT (-93.22602547478601 44.97808987621143),1.129032258064516
326,1,POINT (-93.22602547478601 44.98033817712074),0.0
326,2,POINT (-93.22285214762222 44.97808987621143),0.29032258064516125
326,3,POINT (-93.22285214762222 44.98033817712074),0.0
327,0,POINT (-93.22602547478601 44.98258647803005),0.0
327,1,POINT (-93.22602547478601 44.98483477893936),0.967741935483871
327,2,POINT (-93.22285214762222 44.98258647803005),0.0
327,3,POINT (-93.22285214762222 44.98483477893936),0.12903225806451613
328,0,POINT (-93.22602547478601 44.98708307984867),1.064516129032258
328,1,POINT (-93.22602547478601 44.98933138075797),0.5483870967741935
328,2,POINT (-93.22285214762222 44.98708307984867),3.032258064516129
328,3,POINT (-93.22285214762222 44.98933138075797),0.0967741935483871
329,0,POINT (-93.22602547478601 44.9915796816673),0.1935483870967742
329,1,POINT (-93.22602547478601 44.9938279825766),0.0
329,2,POINT (-93.22285214762222 44.9915796816673),0.12903225806451613
329,3,POINT (-93.22285214762222 44.9938279825766),0.0967741935483871
330,0,POINT (-93.22602547478601 44.99607628348592),0.0967741935483871
330,1,POINT (-93.22602547478601 44.99832458439523),0.03225806451612903
330,2,POINT (-93.22285214762222 44.99607628348592),0.0
330,3,POINT (-93.22285214762222 44.99832458439523),0.25806451612903225
331,0,POINT (-93.21967882045843 44.91963405256933),0.12903225806451613
331,1,POINT (-93.21967882045843 44.92188235347863),0.0
331,2,POINT (-93.21650549329465 44.91963405256933),0.3548387096774194
331,3,POINT (-93.21650549329465 44.92188235347863),0.12903225806451613
332,0,POINT (-93.21967882045843 44.92413065438795),0.0
332,1,POINT (-93.21967882045843 44.92637895529726),0.0967741935483871
332,2,POINT (-93.21650549329465 44.92413065438795),0.0
332,3,POINT (-93.21650549329465 44.92637895529726),0.0
333,0,POINT (-93.21967882045843 44.93762045984381),0.06451612903225806
333,1,POINT (-93.21967882045843 44.93986876075313),0.03225806451612903
333,2,POINT (-93.21650549329465 44.93762045984381),0.0
333,3,POINT (-93.21650549329465 44.93986876075313),0.0
334,0,POINT (-93.21967882045843 44.94661366348106),0.12903225806451613
334,1,POINT (-93.21967882045843 44.94886196439037),0.03225806451612903
334,2,POINT (-93.21650549329465 44.94661366348106),0.0
334,3,POINT (-93.21650549329465 44.94886196439037),0.12903225806451613
335,0,POINT (-93.21967882045843 44.95111026529968),0.12903225806451613
335,1,POINT (-93.21967882045843 44.95335856620899),0.0
335,2,POINT (-93.21650549329465 44.95111026529968),0.0
335,3,POINT (-93.21650549329465 44.95335856620899),0.0
336,0,POINT (-93.21967882045843 44.96460007075555),0.5806451612903225
336,1,POINT (-93.21967882045843 44.96684837166487),0.8064516129032258
336,2,POINT (-93.21650549329465 44.96460007075555),0.0
336,3,POINT (-93.21650549329465 44.96684837166487),0.03225806451612903
337,0,POINT (-93.21967882045843 44.96909667257417),0.8387096774193548
337,1,POINT (-93.21967882045843 44.97134497348349),3.1612903225806455
337,2,POINT (-93.21650549329465 44.96909667257417),0.4193548387096774
337,3,POINT (-93.21650549329465 44.97134497348349),4.161290322580645
338,0,POINT (-93.21967882045843 44.9735932743928),4.193548387096774
338,1,POINT (-93.21967882045843 44.97584157530211),0.7096774193548387
338,2,POINT (-93.21650549329465 44.9735932743928),3.935483870967742
338,3,POINT (-93.21650549329465 44.97584157530211),0.0
339,0,POINT (-93.21967882045843 44.98258647803005),0.0
339,1,POINT (-93.21967882045843 44.98483477893936),1.129032258064516
339,2,POINT (-93.21650549329465 44.98258647803005),0.0
339,3,POINT (-93.21650549329465 44.98483477893936),0.0967741935483871
340,0,POINT (-93.21967882045843 44.98708307984867),0.5806451612903225
340,1,POINT (-93.21967882045843 44.98933138075797),0.03225806451612903
340,2,POINT (-93.21650549329465 44.98708307984867),0.5483870967741935
340,3,POINT (-93.21650549329465 44.98933138075797),0.6774193548387096
341,0,POINT (-93.21967882045843 44.9915796816673),0.3548387096774194
341,1,POINT (-93.21967882045843 44.9938279825766),0.0
341,2,POINT (-93.21650549329465 44.9915796816673),0.5806451612903225
341,3,POINT (-93.21650549329465 44.9938279825766),0.0
342,0,POINT (-93.21967882045843 44.99607628348592),0.0
342,1,POINT (-93.21967882045843 44.99832458439523),0.0
342,2,POINT (-93.21650549329465 44.99607628348592),0.06451612903225806
342,3,POINT (-93.21650549329465 44.99832458439523),0.0
343,0,POINT (-93.21967882045843 45.00057288530454),0.0
343,1,POINT (-93.21967882045843 45.00282118621385),0.0
343,2,POINT (-93.21650549329465 45.00057288530454),0.41935483870967744
343,3,POINT (-93.21650549329465 45.00282118621385),0.0
344,0,POINT (-93.21333216613084 44.91513745075071),0.0
344,1,POINT (-93.21333216613084 44.91738575166001),0.12903225806451613
344,2,POINT (-93.21015883896703 44.91513745075071),0.0
344,3,POINT (-93.21015883896703 44.91738575166001),0.0
345,0,POINT (-93.21333216613084 44.91963405256933),0.12903225806451613
345,1,POINT (-93.21333216613084 44.92188235347863),0.0
345,2,POINT (-93.21015883896703 44.91963405256933),0.0
345,3,POINT (-93.21015883896703 44.92188235347863),0.0
346,0,POINT (-93.21333216613084 44.92862725620657),0.25806451612903225
346,1,POINT (-93.21333216613084 44.93087555711588),0.0
346,2,POINT (-93.21015883896703 44.92862725620657),0.0
346,3,POINT (-93.21015883896703 44.93087555711588),0.0
347,0,POINT (-93.21333216613084 44.94211706166244),0.03225806451612903
347,1,POINT (-93.21333216613084 44.94436536257175),0.0
347,2,POINT (-93.21015883896703 44.94211706166244),0.0
347,3,POINT (-93.21015883896703 44.94436536257175),0.22580645161290322
348,0,POINT (-93.21333216613084 44.94661366348106),0.0
348,1,POINT (-93.21333216613084 44.94886196439037),0.06451612903225806
348,2,POINT (-93.21015883896703 44.94661366348106),0.0
348,3,POINT (-93.21015883896703 44.94886196439037),0.0967741935483871
349,0,POINT (-93.21333216613084 44.96010346893694),0.06451612903225806
349,1,POINT (-93.21333216613084 44.96235176984624),0.0
349,2,POINT (-93.21015883896703 44.96010346893694),0.0
349,3,POINT (-93.21015883896703 44.96235176984624),0.0
350,0,POINT (-93.21333216613084 44.96460007075555),0.7096774193548387
350,1,POINT (-93.21333216613084 44.96684837166487),0.06451612903225806
350,2,POINT (-93.21015883896703 44.96460007075555),0.22580645161290322
350,3,POINT (-93.21015883896703 44.96684837166487),0.0
351,0,POINT (-93.21333216613084 44.96909667257417),0.6451612903225806
351,1,POINT (-93.21333216613084 44.97134497348349),6.0
351,2,POINT (-93.21015883896703 44.96909667257417),0.22580645161290322
351,3,POINT (-93.21015883896703 44.97134497348349),0.25806451612903225
352,0,POINT (-93.21333216613084 44.9735932743928),0.0
352,1,POINT (-93.21333216613084 44.97584157530211),0.0
352,2,POINT (-93.21015883896703 44.9735932743928),2.967741935483871
352,3,POINT (-93.21015883896703 44.97584157530211),0.0
353,0,POINT (-93.21333216613084 44.97808987621143),0.0
353,1,POINT (-93.21333216613084 44.98033817712074),0.0
353,2,POINT (-93.21015883896703 44.97808987621143),0.03225806451612903
353,3,POINT (-93.21015883896703 44.98033817712074),0.0
354,0,POINT (-93.21333216613084 44.98708307984867),0.16129032258064516
354,1,POINT (-93.21333216613084 44.98933138075797),0.0
354,2,POINT (-93.21015883896703 44.98708307984867),0.5161290322580645
354,3,POINT (-93.21015883896703 44.98933138075797),0.0
355,0,POINT (-93.21333216613084 44.9915796816673),0.3548387096774194
355,1,POINT (-93.21333216613084 44.9938279825766),0.0
355,2,POINT (-93.21015883896703 44.9915796816673),0.29032258064516125
355,3,POINT (-93.21015883896703 44.9938279825766),0.0
356,0,POINT (-93.21333216613084 44.99607628348592),0.06451612903225806
356,1,POINT (-93.21333216613084 44.99832458439523),0.6129032258064516
356,2,POINT (-93.21015883896703 44.99607628348592),0.0
356,3,POINT (-93.21015883896703 44.99832458439523),0.0
357,0,POINT (-93.21333216613084 45.00057288530454),0.03225806451612903
357,1,POINT (-93.21333216613084 45.00282118621385),0.25806451612903225
357,2,POINT (-93.21015883896703 45.00057288530454),0.0
357,3,POINT (-93.21015883896703 45.00282118621385),0.0
358,0,POINT (-93.21333216613084 45.00506948712316),0.0
358,1,POINT (-93.21333216613084 45.00731778803247),0.0
358,2,POINT (-93.21015883896703 45.00506948712316),0.06451612903225806
358,3,POINT (-93.21015883896703 45.00731778803247),0.0
359,0,POINT (-93.20698551180325 44.9331238580252),0.03225806451612903
359,1,POINT (-93.20698551180325 44.9353721589345),0.0
359,2,POINT (-93.20381218463946 44.9331238580252),0.0967741935483871
359,3,POINT (-93.20381218463946 44.9353721589345),0.0
360,0,POINT (-93.20698551180325 44.94661366348106),0.0
360,1,POINT (-93.20698551180325 44.94886196439037),0.22580645161290322
360,2,POINT (-93.20381218463946 44.94661366348106),0.0
360,3,POINT (-93.20381218463946 44.94886196439037),0.0
361,0,POINT (-93.20698551180325 44.96460007075555),0.1935483870967742
361,1,POINT (-93.20698551180325 44.96684837166487),0.41935483870967744
361,2,POINT (-93.20381218463946 44.96460007075555),0.0
361,3,POINT (-93.20381218463946 44.96684837166487),0.0
362,0,POINT (-93.20698551180325 44.96909667257417),0.7096774193548387
362,1,POINT (-93.20698551180325 44.97134497348349),0.0
362,2,POINT (-93.20381218463946 44.96909667257417),0.0
362,3,POINT (-93.20381218463946 44.97134497348349),0.0
363,0,POINT (-93.20698551180325 44.9735932743928),0.06451612903225806
363,1,POINT (-93.20698551180325 44.97584157530211),0.0
363,2,POINT (-93.20381218463946 44.9735932743928),0.0
363,3,POINT (-93.20381218463946 44.97584157530211),0.0
364,0,POINT (-93.20698551180325 44.98258647803005),0.0
364,1,POINT (-93.20698551180325 44.98483477893936),0.4838709677419355
364,2,POINT (-93.20381218463946 44.98258647803005),0.0
364,3,POINT (-93.20381218463946 44.98483477893936),0.0
365,0,POINT (-93.20698551180325 45.00057288530454),0.0967741935483871
365,1,POINT (-93.20698551180325 45.00282118621385),0.0
365,2,POINT (-93.20381218463946 45.00057288530454),0.0
365,3,POINT (-93.20381218463946 45.00282118621385),0.0
